time,strumento,open_interest,mm_net,prod_net,pubblicazione,data_entry,px_entry,ret_1w,ret_2w,ret_4w
2017-01-03,GOLD,424673,36557,-73229,2017-01-06,2017-01-09,1180.666,1.8930840728876852,3.1687623764892203,4.633147731873377
2017-01-10,GOLD,444001,55679,-72073,2017-01-13,2017-01-16,1203.017,1.2519773203537365,-0.6357349896136233,1.859533157054316
2017-01-17,GOLD,467937,58635,-75599,2017-01-20,2017-01-23,1218.0785,-1.8643708102556777,1.4194076982723125,1.5989117285954757
2017-01-24,GOLD,482374,59754,-85365,2017-01-27,2017-01-30,1195.369,3.346163402263236,2.5112329330943206,4.815584141800566
2017-01-31,GOLD,398433,69837,-89822,2017-02-03,2017-02-06,1235.368,-0.8078969181652629,0.1769917951573996,-0.806804126381766
2017-02-07,GOLD,415543,70149,-93223,2017-02-10,2017-02-13,1225.3875,0.9929104058920002,2.247901174118394,-1.732023543572947
2017-02-14,GOLD,415128,63625,-92430,2017-02-17,2017-02-20,1237.5545,1.2426523437957693,-0.9820577598804614,-0.27396773233017147
2017-02-21,GOLD,427168,78042,-95769,2017-02-24,2017-02-27,1252.933,-2.1974040112280435,-3.892426809733629,0.12295150658494514
2017-02-28,GOLD,446081,114246,-107349,2017-03-03,2017-03-06,1225.401,-1.733106142397467,0.7151128487735692,2.307367139409866
2017-03-07,GOLD,434401,90247,-97863,2017-03-10,2017-03-13,1204.1635,2.491397555232311,4.178004066723484,4.188592329862173
2017-03-14,GOLD,426170,46374,-88390,2017-03-17,2017-03-20,1234.164,1.645607877073063,1.5809487231842834,4.09576847161317
2017-03-21,GOLD,446880,56195,-98516,2017-03-24,2017-03-27,1254.4735,-0.06361234414278272,0.01016362641379498,1.6821001001615432
2017-03-28,GOLD,449418,91043,-113646,2017-03-31,2017-04-03,1253.6755,0.07382293105353543,2.4756805090312417,0.2386981320126269
2017-04-04,GOLD,427808,109126,-122877,2017-04-07,2017-04-10,1254.601,2.4000857643186935,1.6717665616399202,-2.278174495317642
2017-04-11,GOLD,456131,133011,-135644,2017-04-14,2017-04-17,1284.7125,-0.7112486256652839,-2.182939762787406,-4.226237387742405
2017-04-18,GOLD,472263,151236,-149780,2017-04-21,2017-04-24,1275.575,-1.4822335025380884,-3.8849930423534462,-1.189581169276599
2017-04-25,GOLD,475985,160380,-151674,2017-04-28,2017-05-01,1256.668,-2.438909879140705,-2.0888969879076957,0.8066171813080336
2017-05-02,GOLD,461905,143611,-153296,2017-05-05,2017-05-08,1226.019,0.35876279242001985,2.8043611069649144,4.361963395347046
2017-05-09,GOLD,433033,95962,-137986,2017-05-12,2017-05-15,1230.4175,2.4368557826916604,2.9572888877149373,2.884224257213508
2017-05-16,GOLD,435021,65868,-128589,2017-05-19,2017-05-22,1260.401,0.5080525959595406,1.515113047355543,-1.3224759421803012
2017-05-23,GOLD,462572,111048,-146835,2017-05-26,2017-05-29,1266.8045,1.0019699172208574,-0.07096596199334115,-1.7514541509759396
2017-05-30,GOLD,434246,124133,-156242,2017-06-02,2017-06-05,1279.4975,-1.0622920326143537,-2.7952379742828604,-4.62607390792088
2017-06-06,GOLD,494041,166049,-173956,2017-06-09,2017-06-12,1265.9055,-1.7515525447989622,-1.6816816105151733,-4.077792536646696
2017-06-13,GOLD,471134,147496,-166217,2017-06-16,2017-06-19,1243.7325,0.07111657852472142,-1.8834837877115929,-0.7788652302645582
2017-06-20,GOLD,445841,99376,-147934,2017-06-23,2017-06-26,1244.617,-1.953211309181857,-2.4370951063660495,0.8478511863488913
2017-06-27,GOLD,453144,72655,-139985,2017-06-30,2017-07-03,1220.307,-0.49352335109116297,1.1258232559511638,4.03177233269989
2017-07-03,GOLD,457201,33689,-128289,2017-07-06,2017-07-10,1214.2845,1.6273780979663366,3.367003367003374,3.585980056568294
2017-07-11,GOLD,475669,23222,-117637,2017-07-14,2017-07-17,1234.0455,1.711768326208385,2.8735974483923066,3.8736010949353306
2017-07-18,GOLD,484204,28913,-120798,2017-07-21,2017-07-24,1255.1695,1.1422760033605206,0.21184389837389794,2.9333488425268506
2017-07-25,GOLD,463827,73624,-137561,2017-07-28,2017-07-31,1269.507,-0.9199240335027725,0.9720702603451592,3.1896633890163617
2017-08-01,GOLD,448709,118458,-148536,2017-08-04,2017-08-07,1257.8285,1.9095608026054478,2.715751789691523,6.102739761422171
2017-08-08,GOLD,448727,135985,-149310,2017-08-11,2017-08-14,1281.8475,0.7910847429198897,2.196244092998567,3.5850988514624316
2017-08-15,GOLD,477921,176556,-162781,2017-08-18,2017-08-21,1291.988,1.3941305956401973,3.2974377470998073,1.1974182422746837
2017-08-22,GOLD,500443,194079,-179147,2017-08-25,2017-08-28,1310.0,1.8771374045801537,1.3590076335878054,0.03900763358777315
2017-08-29,GOLD,538875,221126,-188601,2017-09-01,2017-09-04,1334.5905,-0.5085829698323163,-2.0329831510114915,-4.753143379935643
2017-09-05,GOLD,566817,237188,-193794,2017-09-08,2017-09-11,1327.803,-1.5321926520726503,-1.3023016215507943,-3.3009038238353217
2017-09-12,GOLD,580606,253517,-191655,2017-09-15,2017-09-18,1307.4585,0.23346821333143364,-2.776608205920106,-0.9472193572491849
2017-09-19,GOLD,570096,233382,-189880,2017-09-22,2017-09-25,1310.511,-3.0030652165452976,-2.024973464549318,-2.1731599353229325
2017-09-26,GOLD,549637,195976,-189822,2017-09-29,2017-10-02,1271.1555,1.0083738771535122,1.881634465649551,0.41312805553685994
2017-10-03,GOLD,525127,179444,-185938,2017-10-06,2017-10-09,1283.9735,0.8645427650959991,-0.1512492274957422,-0.1640220767796241
2017-10-10,GOLD,520005,171330,-182752,2017-10-13,2017-10-16,1295.074,-1.0070853094108934,-1.4413848166205279,-1.286567408503303
2017-10-17,GOLD,528800,169515,-187226,2017-10-20,2017-10-23,1282.0315,-0.4387177694151867,-0.012792197383604265,-0.39866415138786193
2017-10-24,GOLD,526674,168368,-182663,2017-10-27,2017-10-30,1276.407,0.427802417254064,0.1570815578416651,1.4077406344528143
2017-10-31,GOLD,531918,165965,-183708,2017-11-03,2017-11-06,1281.8675,-0.26956764252156207,-0.38592132182149186,-0.4518797769660243
2017-11-07,GOLD,536843,170712,-181074,2017-11-10,2017-11-13,1278.412,-0.11666817895953363,1.2486976029636887,-2.8328895536024468
2017-11-14,GOLD,533054,176098,-184210,2017-11-17,2017-11-20,1276.9205,1.3669605899506054,-0.06621398904629316,-1.1580987226691097
2017-11-21,GOLD,531612,173155,-185382,2017-11-24,2017-11-27,1294.3755,-1.4138478362731743,-4.031249046354802,-0.8967258728243999
2017-11-28,GOLD,503810,198540,-184757,2017-12-01,2017-12-04,1276.075,-2.6549379934565076,-1.0926081930921039,3.2560782085692352
2017-12-05,GOLD,472795,134510,-158420,2017-12-08,2017-12-11,1242.196,1.6049399611655524,3.2661914866896957,6.290915443295586
2017-12-12,GOLD,446618,76226,-131741,2017-12-15,2017-12-18,1262.1325,1.6350105872402487,4.396725383428457,6.232348822330458
2017-12-19,GOLD,453595,81245,-130860,2017-12-22,2017-12-26,1282.7685,2.717286868207336,2.3457077407186278,4.5597471406571
2017-12-26,GOLD,456470,107758,-141549,2017-12-29,2018-01-02,1317.625,-0.361749359643293,1.5891850868039015,1.588122569016237
2018-01-02,GOLD,500731,148174,-158219,2018-01-05,2018-01-08,1320.3415,1.5489553270877199,1.0294685125022518,1.463863704958146
2018-01-09,GOLD,555455,196050,-177254,2018-01-12,2018-01-15,1340.793,-0.5115629332790306,-0.030206004953781118,-1.3465911591125423
2018-01-16,GOLD,582333,201532,-190018,2018-01-19,2018-01-22,1333.934,0.48383203366881844,0.42996879905603524,0.9533080347303491
2018-01-23,GOLD,582421,209536,-193251,2018-01-26,2018-01-29,1340.388,-0.05360388186106402,-1.3167829016672683,-0.5383515817807938
2018-01-30,GOLD,559332,207562,-186935,2018-02-02,2018-02-05,1339.6695,-1.2638564959491783,0.5210986739639933,-1.4532315619635972
2018-02-06,GOLD,535321,182929,-175630,2018-02-09,2018-02-12,1322.738,1.8078032081939144,0.7888183449783703,0.014704348102179132
2018-02-13,GOLD,511745,169757,-171400,2018-02-16,2018-02-19,1346.6505,-1.0008907285149249,-1.9640953610457923,-2.1954842774721373
2018-02-20,GOLD,528154,175455,-176318,2018-02-23,2018-02-26,1333.172,-0.9729427260698587,-0.7680554347076152,1.5455245084655234
2018-02-27,GOLD,532860,150019,-175225,2018-03-02,2018-03-05,1320.201,0.20690031290688804,-0.2360246659410148,1.6138072914654522
2018-03-06,GOLD,508100,150706,-173777,2018-03-09,2018-03-12,1322.9325,-0.44201045782757964,2.331487056217907,1.0104823942264751
2018-03-13,GOLD,526762,135865,-169723,2018-03-16,2018-03-19,1317.085,2.785811090400392,1.8542083464620607,2.1867229525808884
2018-03-20,GOLD,545499,111807,-156569,2018-03-23,2018-03-26,1353.7765,-0.906353449036823,-1.2909073248058234,-2.1368741442919115
2018-03-27,GOLD,529690,162163,-179016,2018-03-30,2018-04-02,1341.5065,-0.3880711722231589,0.32646133283738,-1.9311497931616461
2018-04-03,GOLD,493141,126642,-166762,2018-04-06,2018-04-09,1336.3005,0.7173162024559421,-0.8570302862268009,-1.6460743672549683
2018-04-10,GOLD,499588,125562,-165095,2018-04-13,2018-04-16,1345.886,-1.563133876123235,-2.2502648812752435,-2.402729503093126
2018-04-17,GOLD,510229,132638,-173847,2018-04-20,2018-04-23,1324.848,-0.6980423414610581,-0.7958648841225435,-2.427599241573375
2018-04-24,GOLD,506410,99661,-163463,2018-04-27,2018-04-30,1315.6,-0.09851018546669366,-0.15597446032228346,-1.3273031316509587
2018-05-01,GOLD,507756,39317,-148055,2018-05-04,2018-05-07,1314.304,-0.05752093883911735,-1.6448249415660476,-1.6954981495909682
2018-05-08,GOLD,491398,41639,-148233,2018-05-11,2018-05-14,1313.548,-1.5882175603784576,-1.1731584989661648,-1.0170926376500855
2018-05-15,GOLD,519958,18998,-139860,2018-05-18,2018-05-21,1292.686,0.4217574878973007,-0.051520632233958974,-1.1080803845636034
2018-05-22,GOLD,502942,16531,-129304,2018-05-25,2018-05-28,1298.138,-0.47129041750568756,0.15791849556827664,-2.5048184399501294
2018-05-29,GOLD,469382,54001,-137375,2018-06-01,2018-06-04,1292.02,0.6321883562174113,-1.0571043791891666,-3.86867076361046
2018-06-05,GOLD,450641,50880,-98124,2018-06-08,2018-06-11,1300.188,-1.6786803139238304,-2.6585386113392895,-3.2542986091242287
2018-06-12,GOLD,448695,55504,-95616,2018-06-15,2018-06-18,1278.362,-0.9965878209771573,-2.8416051165475853,-2.9170141165022256
2018-06-19,GOLD,468345,10528,-71190,2018-06-22,2018-06-25,1265.622,-1.8635896025827603,-0.6120310803699791,-3.2286101221375763
2018-06-26,GOLD,468573,-24,-71811,2018-06-29,2018-07-02,1242.036,1.2753253528883235,-0.07761449748640015,-1.6457655011610006
2018-07-03,GOLD,494164,-1254,-71244,2018-07-06,2018-07-09,1257.876,-1.335902743990669,-2.6326919346581046,-4.015976137552513
2018-07-10,GOLD,503593,-2527,-69642,2018-07-13,2018-07-16,1241.072,-1.3143475962716034,-1.5693690615854572,-3.8086428506967973
2018-07-17,GOLD,528278,-26449,-71994,2018-07-20,2018-07-23,1224.76,-0.25841797576667824,-1.4206865018452697,-2.7902609490839003
2018-07-24,GOLD,496620,-36422,-57300,2018-07-27,2018-07-30,1221.595,-1.1652798185978308,-2.274976567520326,-0.8437329884290579
2018-07-31,GOLD,452655,-42528,-52764,2018-08-03,2018-08-06,1207.36,-1.122780280943536,-1.3893122183938456,-0.49463291810230015
2018-08-07,GOLD,459474,-66116,-47665,2018-08-10,2018-08-13,1193.804,-0.2695584869878198,1.4645620219064348,0.16711285939734477
2018-08-14,GOLD,476739,-83324,-38609,2018-08-17,2018-08-20,1190.586,1.7388076123858287,0.9072843120950358,0.9000609783753388
2018-08-21,GOLD,483730,-90028,-37399,2018-08-24,2018-08-27,1211.288,-0.8173118201451723,-1.2787214931544,-1.019410742944693
2018-08-28,GOLD,479283,-75772,-41192,2018-08-31,2018-09-03,1201.388,-0.4652119048966674,-0.007158386799266392,-1.05444702294345
2018-09-04,GOLD,473118,-82722,-38616,2018-09-07,2018-09-10,1195.799,0.460194397218916,0.2626695623595632,-0.6440881786989316
2018-09-11,GOLD,469450,-75219,-40357,2018-09-14,2018-09-17,1201.302,-0.1966200006326302,-1.0473636104826212,2.1395119628536463
2018-09-18,GOLD,469436,-82463,-38971,2018-09-21,2018-09-24,1198.94,-0.8524196373463244,-0.9043822042804517,1.9248669658198159
2018-09-25,GOLD,460279,-83677,-40525,2018-09-28,2018-10-01,1188.72,-0.052409314220336345,3.2206070395046638,3.432347398882829
2018-10-02,GOLD,459776,-79603,-38610,2018-10-05,2018-10-08,1188.097,3.2747326186329806,2.855069914325181,3.680086726925502
2018-10-09,GOLD,465253,-109454,-34133,2018-10-12,2018-10-15,1227.004,-0.4063556435023763,0.20513380559477046,-2.149870742067661
2018-10-16,GOLD,474418,-49382,-61957,2018-10-19,2018-10-22,1222.018,0.613984409394952,0.8021158444474485,0.16726431198230696
2018-10-23,GOLD,477832,-38116,-67924,2018-10-26,2018-10-29,1229.521,0.18698338621301325,-2.3501835267555338,-0.5342731031027448
2018-10-30,GOLD,474941,-55523,-61054,2018-11-02,2018-11-05,1231.82,-2.5324316864476892,-0.629799808413567,-0.09189654332611985
2018-11-06,GOLD,494911,-47446,-62311,2018-11-09,2018-11-12,1200.625,1.9520666319625013,1.8596147839666788,3.648183237896929
2018-11-13,GOLD,539520,-79194,-41963,2018-11-16,2018-11-19,1224.062,-0.09068168115666797,0.5413124498595767,1.7892884510751994
2018-11-20,GOLD,525940,-51851,-46110,2018-11-23,2018-11-26,1222.952,0.6325677540901076,1.7559151953633556,3.767768481510303
2018-11-27,GOLD,442801,-58390,-41014,2018-11-30,2018-12-03,1230.688,1.1162861748875264,1.2412569229569126,4.202933643620477
2018-12-04,GOLD,399919,-9787,-55547,2018-12-07,2018-12-10,1244.426,0.12359111751121254,1.9771364468437636,3.5917764495438043
2018-12-11,GOLD,402250,-66,-64180,2018-12-14,2018-12-17,1245.964,1.85125733969842,2.925365419867676,3.6479384637116308
2018-12-18,GOLD,412485,11198,-60438,2018-12-21,2018-12-24,1269.03,1.0545849979906041,1.5833353033419373,0.8865038651568513
2018-12-24,GOLD,442727,41968,-65895,2018-12-27,2018-12-31,1282.413,0.5232323752176526,0.7020359275833776,1.619291133199674
2018-12-31,GOLD,451360,50184,-72897,2019-01-03,2019-01-07,1289.123,0.17787286395478663,-0.6859702293730008,1.7524316919331984
2019-01-08,GOLD,455232,32471,-62051,2019-01-11,2019-01-14,1291.416,-0.8623092791168685,0.9108606366964755,1.2930767467647986
2019-01-15,GOLD,501605,24935,-59951,2019-01-18,2019-01-21,1280.28,1.7885931202549443,2.4552441653388213,3.6100696722591863
2019-01-22,GOLD,513509,16210,-60043,2019-01-25,2019-01-28,1303.179,0.6549368889461782,0.37876607894999914,1.8690448510910507
2019-01-29,GOLD,483390,32397,-70658,2019-02-01,2019-02-04,1311.714,-0.2743738345401425,1.1271511930192268,-1.907885407947152
2019-02-05,GOLD,479736,44875,-73567,2019-02-08,2019-02-11,1308.115,1.4053810253685572,1.4846554010924162,-1.118020969104394
2019-02-12,GOLD,476083,42619,-74167,2019-02-15,2019-02-18,1326.499,0.07817570914112615,-3.001208444182768,-1.7161716669217286
2019-02-19,GOLD,504639,82377,-88437,2019-02-22,2019-02-25,1327.536,-3.0769787034023888,-2.5646008846464508,-0.426127803690457
2019-02-26,GOLD,501268,78559,-85749,2019-03-01,2019-03-04,1286.688,0.5286440846576479,1.3247966873088046,0.08207117809444497
2019-03-05,GOLD,471311,31247,-72181,2019-03-08,2019-03-11,1293.49,0.7919659216538033,2.1947599131032947,0.31264254072316255
2019-03-12,GOLD,530030,17407,-60321,2019-03-15,2019-03-18,1303.734,1.3917716343978093,-1.2264771801609897,-1.2056907313915177
2019-03-19,GOLD,514163,30475,-63997,2019-03-22,2019-03-25,1321.879,-2.5823089707908253,-1.8416965546770747,-3.5471476587493944
2019-03-26,GOLD,509575,57987,-69349,2019-03-29,2019-04-01,1287.744,0.7602442721534874,0.021044555439608814,-0.6029148650663396
2019-04-02,GOLD,440170,24618,-58235,2019-04-05,2019-04-08,1297.534,-0.7336223944806042,-1.7374496544984686,-1.3124126227135435
2019-04-09,GOLD,447539,37037,-59597,2019-04-12,2019-04-15,1288.015,-1.0112459870420865,-0.6238281386474642,0.9075981257982146
2019-04-16,GOLD,440581,-15387,-43210,2019-04-19,2019-04-22,1274.99,0.39137561863229475,0.43255241217579066,0.19921724876272862
2019-04-23,GOLD,440048,-33829,-35983,2019-04-26,2019-04-29,1279.98,0.041016265879156855,1.5410397037453727,0.4084438819356606
2019-04-30,GOLD,430011,76,-50975,2019-05-03,2019-05-06,1280.505,1.4994084365152593,-0.23233021347047744,3.4562145403571165
2019-05-07,GOLD,450039,9547,-47952,2019-05-10,2019-05-13,1299.705,-1.7061563970285576,-1.1154069577327008,2.177955766885553
2019-05-14,GOLD,517995,52546,-64882,2019-05-17,2019-05-20,1277.53,0.6010034989393676,3.6971343138712864,4.860551219932208
2019-05-21,GOLD,508643,15937,-62732,2019-05-24,2019-05-27,1285.208,3.077634126149209,3.3305114814099923,10.461808516598081
2019-05-28,GOLD,505126,26274,-62796,2019-05-31,2019-06-03,1324.762,0.24532708516700197,1.121937374411397,4.48699464507587
2019-06-04,GOLD,481495,96182,-86770,2019-06-07,2019-06-10,1328.012,0.874464989774193,6.901443661653661,5.065616876955947
2019-06-11,GOLD,496663,129160,-92616,2019-06-14,2019-06-17,1339.625,5.974731734627237,3.327722310348036,5.550508537837073
2019-06-18,GOLD,525636,150516,-102252,2019-06-21,2019-06-24,1419.664,-2.4977741212005133,-1.71730775732849,0.3607191560820011
2019-06-25,GOLD,577605,177741,-127488,2019-06-28,2019-07-01,1384.204,0.8004600477964363,2.1512002566095756,3.095786459221328
2019-07-02,GOLD,605949,194087,-143506,2019-07-05,2019-07-08,1395.284,1.3400139326473992,2.114336579506393,4.9162751095834345
2019-07-09,GOLD,598977,182611,-149614,2019-07-12,2019-07-15,1413.981,0.7640838172507269,0.9246941790589824,6.874774130628358
2019-07-16,GOLD,601900,180059,-137000,2019-07-19,2019-07-22,1424.785,0.1593924697410376,2.7439227672947153,4.994578129331773
2019-07-23,GOLD,616859,178173,-140198,2019-07-26,2019-07-29,1427.056,2.580417306678928,5.895564014306376,7.033711361011763
2019-07-30,GOLD,563298,185713,-134591,2019-08-02,2019-08-05,1463.88,3.2317539689045605,2.1905484056069957,4.461294641637292
2019-08-06,GOLD,600317,226833,-139330,2019-08-09,2019-08-12,1511.189,-1.008609776804903,1.07478283656115,-0.808171578803174
2019-08-13,GOLD,593962,223611,-138856,2019-08-16,2019-08-19,1495.947,2.1046200166182416,2.222070701702683,0.17433772720558682
2019-08-20,GOLD,594807,229846,-145317,2019-08-23,2019-08-26,1527.431,0.11502974602453087,-1.8629319425885638,-0.34639862618998096
2019-08-27,GOLD,636183,226716,-144334,2019-08-30,2019-09-02,1529.188,-1.9756890585068687,-2.003220009573714,-3.7062807189174984
2019-09-03,GOLD,634358,231626,-154657,2019-09-06,2019-09-09,1498.976,-0.028085839933400525,1.5453216062164987,-0.38486273295903484
2019-09-10,GOLD,614753,206181,-153828,2019-09-13,2019-09-16,1498.555,1.5738494749942378,-1.7378741520998608,-0.3523394203082231
2019-09-17,GOLD,630990,213856,-159561,2019-09-20,2019-09-23,1522.14,-3.260409686362631,-1.900810700723976,-2.4733598749129615
2019-09-24,GOLD,658944,237871,-164408,2019-09-27,2019-09-30,1472.512,1.4054214838317147,1.4100394428025131,1.3697681241307436
2019-10-01,GOLD,604885,190811,-150699,2019-10-04,2019-10-07,1493.207,0.004553956685171556,-0.5836431251661778,1.0950926428820562
2019-10-08,GOLD,616957,200501,-154242,2019-10-11,2019-10-14,1493.275,-0.5881702968308034,-0.0397113726540721,-2.4994726356498354
2019-10-15,GOLD,607387,175787,-145311,2019-10-18,2019-10-21,1484.492,0.5517038825402887,1.6885911139972398,-0.8958620187916155
2019-10-22,GOLD,625528,184438,-145266,2019-10-25,2019-10-28,1492.682,1.1306493948476604,-2.4607384560140777,-2.511519533296447
2019-10-29,GOLD,643442,198558,-139575,2019-11-01,2019-11-04,1509.559,-3.5512358245023856,-2.5415369654316233,-3.102892964104076
2019-11-05,GOLD,690181,197247,-140140,2019-11-08,2019-11-11,1455.951,1.046875890740817,-0.05206219165343473,0.3818123000018492
2019-11-12,GOLD,708463,175441,-122571,2019-11-15,2019-11-18,1471.193,-1.08755275480511,-0.575995127763651,0.3399961799709361
2019-11-19,GOLD,719211,195199,-127238,2019-11-22,2019-11-25,1455.193,0.5171822569240092,0.43410049388636907,2.084397052487197
2019-11-26,GOLD,669268,194287,-120996,2019-11-29,2019-12-02,1462.719,-0.08265428971662159,0.9212979389752851,3.5790196203098423
2019-12-03,GOLD,701016,207962,-128811,2019-12-06,2019-12-09,1461.51,1.0047827247162244,1.6431635773959785,7.143707535357269
2019-12-10,GOLD,690003,183648,-122178,2019-12-13,2019-12-16,1476.195,0.6320303211974077,2.6334596716558467,4.866227022852665
2019-12-17,GOLD,716987,201721,-133343,2019-12-20,2019-12-23,1485.525,1.988859157536882,5.411622153784013,5.073761801383347
2019-12-24,GOLD,748737,218846,-137148,2019-12-27,2019-12-30,1515.07,3.3560165536905995,2.175477040664786,4.413459444118084
2019-12-31,GOLD,786166,232732,-146107,2020-01-03,2020-01-06,1565.916,-1.142206861670736,-0.32051527668151003,0.6906500731840071
2020-01-07,GOLD,785857,229757,-143748,2020-01-10,2020-01-13,1548.03,0.8311854421426013,2.190332228703573,1.5623728222321276
2020-01-14,GOLD,796883,230459,-141140,2020-01-17,2020-01-20,1560.897,1.3479428815610595,1.0144167103915303,1.3012389670811197
2020-01-21,GOLD,793829,223832,-142587,2020-01-24,2020-01-27,1581.937,-0.32909022293554635,-0.6144998188929107,4.85436524969074
2020-01-28,GOLD,715539,219938,-138963,2020-01-31,2020-02-03,1576.731,-0.28635195223536414,0.2839419025819856,0.8119964661061463
2020-02-04,GOLD,654572,181610,-138634,2020-02-07,2020-02-10,1572.216,0.5719315920967638,5.502679021203205,6.860762134465004
2020-02-11,GOLD,658024,195671,-141753,2020-02-14,2020-02-17,1581.208,4.902707297205677,0.5265594406302032,-4.180411432272047
2020-02-18,GOLD,715317,238546,-159081,2020-02-21,2020-02-24,1658.73,-4.1716252795813595,1.2872498839473723,-6.366798695387432
2020-02-25,GOLD,732917,230846,-163655,2020-02-28,2020-03-02,1589.534,5.696512311155355,-4.68231569755665,2.094701969256385
2020-03-03,GOLD,691985,215361,-160340,2020-03-06,2020-03-09,1680.082,-9.819461192965584,-7.556774014601675,-1.087625484946575
2020-03-10,GOLD,633470,210185,-140795,2020-03-13,2020-03-16,1515.107,2.5090637162919815,7.1099268896520185,13.088976554131172
2020-03-17,GOLD,573925,154079,-133378,2020-03-20,2020-03-23,1553.122,4.488250118149106,6.997969251610625,9.214794459160313
2020-03-24,GOLD,547334,157409,-134782,2020-03-27,2020-03-30,1622.83,2.4019151728770227,5.58216202559727,5.614143194296384
2020-03-31,GOLD,495652,152598,-112209,2020-04-03,2020-04-06,1661.809,3.1056517325396715,2.071838580727392,2.3838479632737553
2020-04-07,GOLD,480050,152482,-109933,2020-04-10,2020-04-13,1713.419,-1.0026736017284765,0.030290314278058617,-0.9100517736759128
2020-04-14,GOLD,489965,155244,-108251,2020-04-17,2020-04-20,1696.239,1.0434260738021006,0.30567626378121826,2.1602498232855094
2020-04-21,GOLD,493158,146271,-108453,2020-04-24,2020-04-27,1713.938,-0.7301314283247207,-0.9400573416307956,0.889647116756831
2020-04-28,GOLD,500816,146406,-112926,2020-05-01,2020-05-04,1701.424,-0.21146992166561907,1.848921844290441,2.262751671541019
2020-05-05,GOLD,490343,133241,-108594,2020-05-08,2020-05-11,1697.826,2.064758108310283,1.8470679563158843,0.027800257505772308
2020-05-12,GOLD,496739,122217,-105176,2020-05-15,2020-05-18,1732.882,-0.21328630570345286,0.4063173372451212,-0.44596227556175094
2020-05-19,GOLD,528205,127064,-107310,2020-05-22,2020-05-25,1729.186,0.6209279973351745,-1.7862740040689662,1.4793087614634937
2020-05-26,GOLD,519374,113081,-88466,2020-05-29,2020-06-01,1739.923,-2.392347247550608,-0.8488306666444401,1.8809453062003323
2020-06-02,GOLD,475745,100355,-81863,2020-06-05,2020-06-08,1698.298,1.5813479142058773,3.3249759465064477,5.067897389033016
2020-06-09,GOLD,475661,91177,-82891,2020-06-12,2020-06-15,1725.154,1.7164844413890101,2.753145516284339,4.474267224839057
2020-06-16,GOLD,489563,104688,-87577,2020-06-19,2020-06-22,1754.766,1.0191672279950659,1.6868345978894084,3.564349890526697
2020-06-23,GOLD,532101,129515,-94170,2020-06-26,2020-06-29,1772.65,0.6609313739316836,1.6750063464304965,9.557780723775133
2020-06-30,GOLD,561628,138555,-95423,2020-07-03,2020-07-06,1784.366,1.0074166398597706,1.8463700832676677,10.781196234404833
2020-07-07,GOLD,572776,139343,-92353,2020-07-10,2020-07-13,1802.342,0.8305859820167294,7.752912599273598,12.506117041049913
2020-07-14,GOLD,580175,134973,-96252,2020-07-17,2020-07-20,1817.312,6.8653043616065945,8.772846929971312,9.23952518885034
2020-07-21,GOLD,603138,140269,-100258,2020-07-24,2020-07-27,1942.076,1.7849970855929431,4.411207388382321,-0.6691808147569978
2020-07-28,GOLD,598629,117136,-90475,2020-07-31,2020-08-03,1976.742,2.580154618053343,0.42903929799640306,-0.4601510971082745
2020-08-04,GOLD,561837,113472,-97590,2020-08-07,2020-08-10,2027.745,-2.0970092393274298,-4.865749884724158,-4.8969175118173
2020-08-11,GOLD,553345,97692,-93647,2020-08-14,2020-08-17,1985.223,-2.8280450105605315,-0.8853917166988245,-1.4497615633105143
2020-08-18,GOLD,544010,95438,-90992,2020-08-21,2020-08-24,1929.08,1.999191324361882,-0.032761730980557235,-0.8504572127646326
2020-08-25,GOLD,549282,86849,-93059,2020-08-28,2020-08-31,1967.646,-1.9921266325345077,-0.5694113676952051,-4.382495631836214
2020-09-01,GOLD,547704,97742,-97860,2020-09-04,2020-09-07,1928.448,1.451633645294037,-0.8179634607726083,-0.7779831242532897
2020-09-08,GOLD,557457,104292,-101177,2020-09-11,2020-09-14,1956.442,-2.2371222862727302,-3.834920738769665,-1.724559174256124
2020-09-15,GOLD,578925,111098,-101941,2020-09-18,2020-09-21,1912.674,-1.634361109106941,0.040310058065307075,-0.43258809394595144
2020-09-22,GOLD,575877,81448,-93037,2020-09-25,2020-09-28,1881.414,1.702496101336548,2.1945196538348366,1.1086342506221314
2020-09-29,GOLD,562396,94372,-96842,2020-10-02,2020-10-05,1913.445,0.48378709604928183,-0.47270760330189177,-0.923517529900264
2020-10-06,GOLD,555555,94612,-97386,2020-10-09,2020-10-12,1922.702,-0.9518895803925842,-1.0625671580931417,-3.161592384051193
2020-10-13,GOLD,553197,81781,-100514,2020-10-16,2020-10-19,1904.4,-0.11174123083386167,-0.4529510607015452,-0.817107750472601
2020-10-20,GOLD,562993,90565,-101608,2020-10-23,2020-10-26,1902.272,-0.3415915284459836,-2.121568314100186,-3.38773845170407
2020-10-27,GOLD,560900,101875,-94068,2020-10-30,2020-11-02,1895.774,-1.7860778763713392,-0.365813646563351,-6.271475397383853
2020-11-03,GOLD,544774,90695,-92638,2020-11-06,2020-11-09,1861.914,1.446092569259383,-1.293615064927811,0.02739116844279188
2020-11-10,GOLD,547449,79783,-92856,2020-11-13,2020-11-16,1888.839,-2.700653681970777,-5.927344786929956,-3.270792269748768
2020-11-17,GOLD,557533,90447,-97499,2020-11-20,2020-11-23,1837.828,-3.3162515752290123,1.3383189286483743,2.1231584239656875
2020-11-24,GOLD,555253,85348,-95651,2020-11-27,2020-11-30,1776.881,4.81422222422323,2.8239369997203,5.448479667462247
2020-12-01,GOLD,538042,85543,-100925,2020-12-04,2020-12-07,1862.424,-1.8988694303767595,0.7744745557402677,4.32033736678652
2020-12-08,GOLD,549520,98811,-102873,2020-12-11,2020-12-14,1827.059,2.7250898848915073,2.5524627283519674,0.9058820760577513
2020-12-15,GOLD,550366,101879,-104102,2020-12-18,2020-12-21,1876.848,-0.16804770551477333,3.5186120559576484,-2.081308662182546
2020-12-21,GOLD,560769,108124,-107741,2020-12-24,2020-12-28,1873.694,3.692865537275569,-1.6055983527726525,-0.9448714678063741
2020-12-29,GOLD,556414,108995,-105484,2021-01-01,2021-01-04,1942.887,-5.109767063138515,-5.409578632210721,-4.22654534206055
2021-01-05,GOLD,568888,116569,-105460,2021-01-08,2021-01-11,1843.61,-0.3159561946398548,0.6715086162474737,-0.6967308704118436
2021-01-12,GOLD,555538,78234,-98734,2021-01-15,2021-01-18,1837.785,0.9905946560669454,1.2506903691128057,-1.0343429726545783
2021-01-19,GOLD,541330,78071,-100895,2021-01-22,2021-01-25,1855.99,0.2575444910802416,-1.3591129262549906,-2.4833107937003884
2021-01-26,GOLD,534574,96399,-102735,2021-01-29,2021-02-01,1860.77,-1.6125045008249184,-2.2568076656437897,-7.299666267190464
2021-02-02,GOLD,520011,87778,-104127,2021-02-05,2021-02-08,1830.765,-0.6548628578763593,-1.1396875076812196,-8.044232875328083
2021-02-09,GOLD,506741,87640,-102996,2021-02-12,2021-02-15,1818.776,-0.4880205148957262,-5.159293942739518,-4.784536413500062
2021-02-16,GOLD,503016,67956,-99833,2021-02-19,2021-02-22,1809.9,-4.694181999005476,-6.9841427703188135,-3.921763633349906
2021-02-23,GOLD,481125,69123,-93070,2021-02-26,2021-03-01,1724.94,-2.402750240588092,0.39514417892796416,-0.7515623731839893
2021-03-02,GOLD,467008,45960,-86895,2021-03-05,2021-03-08,1683.494,2.866775883965156,3.2923194261458733,2.6614885470337413
2021-03-09,GOLD,473871,29430,-81679,2021-03-12,2021-03-15,1731.756,0.41368414487952254,-1.1421932420040637,0.06663756325948622
2021-03-16,GOLD,476467,41121,-79074,2021-03-19,2021-03-22,1738.92,-1.5494674855657475,-0.610723897591614,1.8762220228647708
2021-03-23,GOLD,485457,43521,-77573,2021-03-26,2021-03-29,1711.976,0.9535180399725229,1.2227975158530136,4.053795146660932
2021-03-30,GOLD,467321,43073,-72888,2021-04-02,2021-04-05,1728.3,0.26673609905687456,2.5022276225192375,3.785511774576178
2021-04-06,GOLD,463353,66472,-78611,2021-04-09,2021-04-12,1732.91,2.229544523373983,2.7967984488519226,5.931063932922087
2021-04-13,GOLD,460733,53807,-75052,2021-04-16,2021-04-19,1771.546,0.5548825714940531,1.2519573299253794,5.38563492000772
2021-04-20,GOLD,471738,56424,-75765,2021-04-23,2021-04-26,1781.376,0.6932281562118225,3.048991341524765,5.574567076237691
2021-04-27,GOLD,473305,50651,-71726,2021-04-30,2021-05-03,1793.725,2.3395448020181453,4.08256561067053,6.297007623799633
2021-05-04,GOLD,470341,53625,-67243,2021-05-07,2021-05-10,1835.69,1.7031742832395391,2.4508495443130274,3.4564659610282877
2021-05-11,GOLD,498693,81615,-70791,2021-05-14,2021-05-17,1866.955,0.7351543020587048,2.127582078839607,-0.04365397130621229
2021-05-18,GOLD,520410,91990,-65164,2021-05-21,2021-05-24,1880.68,1.3822659888976352,0.9815598613267529,-5.194131909734789
2021-05-25,GOLD,510164,107255,-78460,2021-05-28,2021-05-31,1906.676,-0.39524282048968296,-2.126003579003455,-6.7350719262213365
2021-06-01,GOLD,489198,109973,-69803,2021-06-04,2021-06-07,1899.14,-1.7376286108449102,-6.115662878987338,-5.643080552249968
2021-06-08,GOLD,491858,107664,-65056,2021-06-11,2021-06-14,1866.14,-4.455453502952633,-4.709185805995264,-3.214924925246776
2021-06-15,GOLD,480127,96792,-64141,2021-06-18,2021-06-21,1782.995,-0.2655644014705527,0.5033665265466336,1.6741493946982544
2021-06-22,GOLD,453940,62536,-56210,2021-06-25,2021-06-28,1778.26,0.7709783721165708,1.5681059012742748,1.0861741252685242
2021-06-29,GOLD,453360,61382,-54455,2021-07-02,2021-07-05,1791.97,0.7910288676707733,1.1649190555645506,1.2011361797351405
2021-07-06,GOLD,465811,77960,-60850,2021-07-09,2021-07-12,1806.145,0.37095582026913654,-0.4744912507024579,-4.2338793396986425
2021-07-13,GOLD,495798,86291,-61169,2021-07-16,2021-07-19,1812.845,-0.8423224269035634,0.035800082191239646,-1.414627284737524
2021-07-20,GOLD,490520,90428,-63830,2021-07-23,2021-07-26,1797.575,0.8855819645911867,-3.777311099675962,0.43781205234829645
2021-07-27,GOLD,500187,90230,-56286,2021-07-30,2021-08-02,1813.494,-4.6219618041195565,-1.4499082985661826,-0.17281557038512085
2021-08-03,GOLD,485663,89873,-56399,2021-08-06,2021-08-09,1729.675,3.325769291919012,4.380591729660188,5.41517915215286
2021-08-10,GOLD,477232,35403,-47631,2021-08-13,2021-08-16,1787.2,1.0208706356311437,1.2958818263204996,0.35110787824528256
2021-08-17,GOLD,485485,59078,-51836,2021-08-20,2021-08-23,1805.445,0.2722320535934353,0.9911683823101702,-2.282041269603896
2021-08-24,GOLD,504735,75444,-55166,2021-08-27,2021-08-30,1810.36,0.7169844671778058,-0.9326874212863712,-3.32005788903863
2021-08-31,GOLD,507113,81677,-52741,2021-09-03,2021-09-06,1823.34,-1.6379281977031201,-3.241085041736591,-2.9544681737909473
2021-09-07,GOLD,506772,67595,-52575,2021-09-10,2021-09-13,1793.475,-1.6298526603381713,-2.4098468057820566,-2.1839724557074836
2021-09-14,GOLD,506356,71222,-54037,2021-09-17,2021-09-20,1764.244,-0.7929175329489446,0.29621753000153017,0.03548262031782823
2021-09-21,GOLD,492765,46844,-46813,2021-09-24,2021-09-27,1750.255,1.0978400290243329,0.23145198842453585,3.2860925979357303
2021-09-28,GOLD,490858,30861,-41860,2021-10-01,2021-10-04,1769.47,-0.856979773604527,-0.25996484823139765,1.3430575256997868
2021-10-05,GOLD,483789,54166,-42808,2021-10-08,2021-10-11,1754.306,0.602175447156883,3.0475869090113017,3.9852796490464026
2021-10-12,GOLD,484382,58519,-47840,2021-10-15,2021-10-18,1764.87,2.430773938023778,1.607200530350683,5.545677585317899
2021-10-19,GOLD,485974,57799,-50652,2021-10-22,2021-10-25,1807.77,-0.8040292736354759,0.9099608910425605,-0.16429081133109147
2021-10-26,GOLD,509794,86362,-51095,2021-10-29,2021-11-01,1793.235,1.7278828485948639,3.876179084169107,-0.468148346424202
2021-11-02,GOLD,507616,85239,-52321,2021-11-05,2021-11-08,1824.22,2.111806689982565,-1.064564581026417,-2.501343039764947
2021-11-09,GOLD,571025,125610,-58800,2021-11-12,2021-11-15,1862.744,-3.110679728400678,-4.1822172021490855,-4.082096090498744
2021-11-16,GOLD,612612,142385,-68194,2021-11-19,2021-11-22,1804.8,-1.1059397163120543,-1.4522384751773032,-0.7856826241134818
2021-11-23,GOLD,559823,105339,-68526,2021-11-26,2021-11-29,1784.84,-0.3501714439389514,0.10449115887138927,1.52590708410838
2021-11-30,GOLD,531868,92085,-53823,2021-12-03,2021-12-06,1778.59,0.4562602960772377,0.6763784795821293,1.2706694628891402
2021-12-07,GOLD,499307,80741,-54147,2021-12-10,2021-12-13,1786.705,0.2191184330933238,1.4199322216034593,0.843731897543254
2021-12-14,GOLD,503709,63417,-51523,2021-12-17,2021-12-20,1790.62,1.1981883370006052,0.5902983324211908,1.6033552624230785
2021-12-21,GOLD,500846,71748,-55793,2021-12-24,2021-12-27,1812.075,-0.6006925761902759,-0.568133217444089,1.7113530069119642
2021-12-28,GOLD,508912,83663,-58153,2021-12-31,2022-01-03,1801.19,0.03275612234132641,1.0071119648676685,-0.22340785813823594
2022-01-04,GOLD,502717,79508,-53475,2022-01-07,2022-01-10,1801.78,0.9740367858451116,2.2925107393799493,1.033145001054514
2022-01-11,GOLD,546516,74310,-50706,2022-01-14,2022-01-17,1819.33,1.3057554154551454,-1.2182506746989286,2.876333595334546
2022-01-18,GOLD,539204,71793,-50962,2022-01-21,2022-01-24,1843.086,-2.4914735394875764,-1.2311416830251054,3.3068994067558366
2022-01-25,GOLD,572078,101375,-65770,2022-01-28,2022-01-31,1797.166,1.2925350245887257,4.1450817564988585,6.252010109249784
2022-02-01,GOLD,515331,49914,-52333,2022-02-04,2022-02-07,1820.395,2.816147045009476,4.594607214368307,9.733601773241517
2022-02-08,GOLD,512842,69467,-53491,2022-02-11,2022-02-14,1871.66,1.7297479243024938,2.0230704294583512,4.2125706592009315
2022-02-15,GOLD,558645,107706,-63682,2022-02-18,2022-02-21,1904.035,0.2883350358580561,4.9132500190385064,1.6661983629502553
2022-02-22,GOLD,611488,138976,-70911,2022-02-25,2022-02-28,1909.525,4.6116180725573,2.1460834500726556,0.6951990678309983
2022-03-01,GOLD,615600,148621,-75814,2022-03-04,2022-03-07,1997.585,-2.3568458914138835,-3.094987197040433,-3.2546800261315623
2022-03-08,GOLD,638502,142973,-76077,2022-03-11,2022-03-14,1950.505,-0.7559580723966453,-1.4204013832315288,0.19328327792034194
2022-03-15,GOLD,617605,126537,-67438,2022-03-18,2022-03-21,1935.76,-0.6695044840269504,-0.16479315617639045,2.217733603339256
2022-03-22,GOLD,605191,115132,-64913,2022-03-25,2022-03-28,1922.8,0.5081131682962425,1.636935718743504,-1.287445392136466
2022-03-29,GOLD,574521,108302,-51926,2022-04-01,2022-04-04,1932.57,1.1231158509135586,2.386459481415937,-3.6021463646853658
2022-04-05,GOLD,560666,101627,-52344,2022-04-08,2022-04-11,1954.275,1.2493124048560178,-2.877281856442926,-5.1300354351357935
2022-04-12,GOLD,577639,117025,-51729,2022-04-15,2022-04-18,1978.69,-4.075676331310108,-5.8490213221879195,-7.787980936882488
2022-04-19,GOLD,575202,101266,-49949,2022-04-22,2022-04-25,1898.045,-1.8486916801235043,-2.319491898242665,-2.3381953536401934
2022-04-26,GOLD,557785,81117,-44173,2022-04-29,2022-05-02,1862.956,-0.4796677967702889,-2.0594152518900066,-0.38412071997405706
2022-05-03,GOLD,560441,67847,-40181,2022-05-06,2022-05-09,1854.02,-1.5873615171357436,-0.01914758201098099,-0.6421182080020738
2022-05-10,GOLD,571447,61992,-42901,2022-05-13,2022-05-16,1824.59,1.593508678662059,1.710521267791676,-0.2775418039121069
2022-05-17,GOLD,555756,43360,-37557,2022-05-20,2022-05-23,1853.665,0.11517722997413937,-0.6230899326469475,-0.8237734434215493
2022-05-24,GOLD,530098,61057,-42010,2022-05-27,2022-05-30,1855.8,-0.7374178251966734,-1.954628731544339,-1.7817113913137228
2022-05-31,GOLD,513722,50793,-45299,2022-06-03,2022-06-06,1842.115,-1.226253518374254,-0.20194178973625965,-1.8497759368986233
2022-06-07,GOLD,494130,57531,-44542,2022-06-10,2022-06-13,1819.526,1.0370283249593548,0.17636461364112233,-4.701279344180853
2022-06-14,GOLD,497456,36905,-41055,2022-06-17,2022-06-20,1838.395,-0.8518299930102113,-1.6511685464766779,-7.023245820403123
2022-06-21,GOLD,500276,49803,-44189,2022-06-24,2022-06-27,1822.735,-0.8062060584780539,-4.86905666484706,-5.643168096294849
2022-06-28,GOLD,497005,36102,-43787,2022-07-01,2022-07-04,1808.04,-4.095871772748394,-5.462268533881998,-1.9866817105816281
2022-07-05,GOLD,498210,17034,-38490,2022-07-08,2022-07-11,1733.985,-1.4247528092803496,-0.8137325294048092,3.1865904260994338
2022-07-12,GOLD,542493,-6133,-28069,2022-07-15,2022-07-18,1709.28,0.6198516334362969,3.6764017598053034,4.111672751099871
2022-07-19,GOLD,524786,-18738,-25043,2022-07-22,2022-07-25,1719.875,3.0377207645904347,4.033141943455187,0.9305908859655654
2022-07-26,GOLD,487515,-19093,-25165,2022-07-29,2022-08-01,1772.12,0.9660745321987241,0.41983612847888985,-1.9516172719680314
2022-08-02,GOLD,459649,15855,-30387,2022-08-05,2022-08-08,1789.24,-0.5410118262502595,-2.982271802553038,-4.420033086673669
2022-08-09,GOLD,453540,40734,-36461,2022-08-12,2022-08-15,1779.56,-2.454539324327354,-2.361538807345631,-3.086437096810446
2022-08-16,GOLD,453960,36373,-34524,2022-08-19,2022-08-22,1735.88,0.09534069175287652,-1.481957278152879,-3.466829504343627
2022-08-23,GOLD,457762,22111,-32187,2022-08-26,2022-08-29,1737.535,-1.5757955954844083,-0.7424310877190976,-6.600730345000249
2022-08-30,GOLD,459165,11788,-31347,2022-09-02,2022-09-05,1710.155,0.8467068774467901,-2.014729659007508,-0.6057930421511482
2022-09-06,GOLD,465908,-6962,-26060,2022-09-09,2022-09-12,1724.635,-2.837411974127857,-5.902118419259727,-3.269387435602311
2022-09-13,GOLD,463674,-18337,-27119,2022-09-16,2022-09-19,1675.7,-3.1542042131646464,1.4379065465178753,-1.4883332338724187
2022-09-20,GOLD,469395,-36695,-17664,2022-09-23,2022-09-26,1622.845,4.741672803009522,2.797864244582815,1.6480316974202713
2022-09-27,GOLD,457061,-43094,-12623,2022-09-30,2022-10-03,1699.795,-1.855812024391179,-2.8847596327792546,-3.888998379216313
2022-10-04,GOLD,437065,-6875,-19152,2022-10-07,2022-10-10,1668.25,-1.048404016184623,-1.118537389480001,0.4306908436984891
2022-10-11,GOLD,431395,-5580,-22668,2022-10-14,2022-10-17,1650.76,-0.07087644478906974,-1.034069156025097,7.313903898810237
2022-10-18,GOLD,434701,-25698,-15565,2022-10-21,2022-10-24,1649.59,-0.9638758721864149,1.5667529507332079,5.37072848404756
2022-10-25,GOLD,456072,-38788,-10426,2022-10-28,2022-10-31,1633.69,2.5552583415458185,8.435198844333991,6.61661637152704
2022-11-01,GOLD,467276,-41401,-8773,2022-11-04,2022-11-07,1675.435,5.733436391146185,3.7452959977558153,5.57407479251657
2022-11-08,GOLD,488471,-16346,-18586,2022-11-11,2022-11-14,1771.495,-1.880332713329702,-1.6771145275600419,0.5596967533072483
2022-11-15,GOLD,495171,25457,-36982,2022-11-18,2022-11-21,1738.185,0.2071125915826144,1.7627582794696783,2.8495240725239235
2022-11-22,GOLD,449542,19431,-40394,2022-11-25,2022-11-28,1741.785,1.552430409034411,2.274965050221467,4.1408669841570545
2022-11-29,GOLD,433661,14720,-36626,2022-12-02,2022-12-05,1768.825,0.7114892654728422,1.0679405820247734,4.006897234039553
2022-12-06,GOLD,422100,23487,-37953,2022-12-09,2022-12-12,1781.41,0.3539331203933793,1.8243975278010138,5.068737685316682
2022-12-13,GOLD,437040,37449,-36843,2022-12-16,2022-12-19,1787.715,1.4652783021902316,2.907901986614214,7.176479472399122
2022-12-20,GOLD,436653,39095,-37697,2022-12-23,2022-12-27,1813.91,1.4217904967721573,3.4775705520119438,6.803259257625793
2022-12-27,GOLD,440040,50877,-42392,2022-12-30,2023-01-03,1839.7,2.02696091754091,3.751155079632551,4.812469424362664
2023-01-03,GOLD,449393,54581,-43902,2023-01-06,2023-01-09,1871.705,2.367093104949758,3.186132430057076,-0.21424316331900561
2023-01-10,GOLD,481519,61809,-48703,2023-01-13,2023-01-16,1916.01,0.800100208245258,0.3752590017797486,-3.249983037666815
2023-01-17,GOLD,491818,69377,-43935,2023-01-20,2023-01-23,1931.34,-0.42146903186388585,-3.2953804094566497,-4.534675406712429
2023-01-24,GOLD,499927,79879,-41609,2023-01-27,2023-01-30,1923.2,-2.886075291181367,-3.611688851913475,-5.509047420965063
2023-01-31,GOLD,471642,84447,-36820,2023-02-03,2023-02-06,1867.695,-0.7471776708723787,-1.2815261592497684,-1.114475329215947
2023-02-07,GOLD,439755,59576,-30982,2023-02-10,2023-02-13,1853.74,-0.5383710768500416,-1.9684529653565264,3.2307659110770715
2023-02-14,GOLD,426116,41173,-29893,2023-02-17,2023-02-20,1843.76,-1.4378227101141117,0.16921942118279798,7.333655139497552
2023-02-21,GOLD,422648,36706,-29783,2023-02-24,2023-02-27,1817.25,1.6304856238822385,5.30361810427844,7.659925711927373
2023-02-28,GOLD,426890,26575,-29223,2023-03-03,2023-03-06,1846.88,3.614203413324102,7.152332582517529,7.445259031447615
2023-03-07,GOLD,458474,14399,-29599,2023-03-10,2023-03-13,1913.63,3.414714443230915,2.2376321441448965,4.05329138861743
2023-03-14,GOLD,459064,59721,-36067,2023-03-17,2023-03-20,1978.975,-1.1382154903422204,0.2733738425194865,0.8125418461577327
2023-03-21,GOLD,469874,81229,-41286,2023-03-24,2023-03-27,1956.45,1.4278412430678067,1.7759206726468912,1.6662833192772508
2023-03-28,GOLD,478611,99160,-44329,2023-03-31,2023-04-03,1984.385,0.34317937295433865,0.5376980777419771,-0.09247197494437476
2023-04-04,GOLD,476592,110131,-35939,2023-04-07,2023-04-10,1991.195,0.1938534397685876,-0.10772425603720048,1.5146683273109973
2023-04-11,GOLD,476567,104606,-34933,2023-04-14,2023-04-17,1995.055,-0.3009942081797279,-0.6267997624125665,1.0681409785695095
2023-04-18,GOLD,482254,102696,-33944,2023-04-21,2023-04-24,1989.05,-0.3267891707096404,1.6241421784268795,-0.8712702043689124
2023-04-25,GOLD,473209,102803,-35020,2023-04-28,2023-05-01,1982.55,1.9573276840432863,1.7056316360243073,-1.988852740157876
2023-05-02,GOLD,493804,113790,-35531,2023-05-05,2023-05-08,2021.355,-0.2468641084816925,-2.4555310670317687,-2.9512381546042077
2023-05-09,GOLD,518951,110986,-36768,2023-05-12,2023-05-15,2016.365,-2.2141328578903163,-3.6325268490575935,-2.914154927307311
2023-05-16,GOLD,521832,103983,-34214,2023-05-19,2023-05-22,1971.72,-1.450510214432077,-0.50818574645487,-1.0802750897693336
2023-05-23,GOLD,479080,93139,-26425,2023-05-26,2023-05-29,1943.12,0.9561941619663283,0.7454506155049723,-1.0277286014245046
2023-05-30,GOLD,449515,86703,-31372,2023-06-02,2023-06-05,1961.7,-0.20874751491053445,-0.5750114696436714,-2.047968598664418
2023-06-06,GOLD,436301,93428,-29778,2023-06-09,2023-06-12,1957.605,-0.36703012098967536,-1.7600588474181444,-1.6430791707213621
2023-06-13,GOLD,432898,74643,-27159,2023-06-16,2023-06-19,1950.42,-1.3981603962223477,-1.4814757847027793,0.2337957978281624
2023-06-20,GOLD,438037,76039,-26879,2023-06-23,2023-06-26,1923.15,-0.08449678912201275,0.11907547513194672,1.6413176299300503
2023-06-27,GOLD,431861,69675,-26233,2023-06-30,2023-07-03,1921.525,0.20374442174835306,1.7410650394868554,2.294531687071455
2023-07-03,GOLD,448063,83148,-27425,2023-07-06,2023-07-10,1925.44,1.534194781452558,1.5204316935349738,0.5788287352501253
2023-07-11,GOLD,483170,82443,-29074,2023-07-14,2023-07-17,1954.98,-0.01355512588364638,0.5439953349906324,-2.42841358990884
2023-07-18,GOLD,482104,115318,-39274,2023-07-21,2023-07-24,1954.715,0.5576260477870187,-0.9275009400347312,-3.0602926769375594
2023-07-25,GOLD,476176,95287,-38944,2023-07-28,2023-07-31,1965.615,-1.4768914563635271,-2.95632664585892,-2.3109815503035924
2023-08-01,GOLD,439383,80009,-30212,2023-08-04,2023-08-07,1936.585,-1.5016123743600174,-2.1527585930904203,0.09656173108847366
2023-08-08,GOLD,427759,58606,-26450,2023-08-11,2023-08-14,1907.505,-0.6610729722857922,0.6650048099480665,0.7798144696868459
2023-08-15,GOLD,433611,29536,-21530,2023-08-18,2023-08-21,1894.895,1.3349024616139626,2.2988081133783034,2.0476068594829755
2023-08-22,GOLD,430239,9109,-17602,2023-08-25,2023-08-28,1920.19,0.9512079533795958,0.11405121368197602,-0.21742640051244377
2023-08-29,GOLD,442806,39242,-20467,2023-09-01,2023-09-04,1938.455,-0.82926867015225,-0.24555638382113276,-5.703769238904166
2023-09-05,GOLD,438672,50365,-24374,2023-09-08,2023-09-11,1922.38,0.588593306214169,-0.33109999063660744,-3.171849478250921
2023-09-12,GOLD,441221,34571,-22348,2023-09-15,2023-09-18,1933.695,-0.9143117192731975,-5.471648838105281,-0.6996966946700489
2023-09-19,GOLD,438078,47390,-25288,2023-09-22,2023-09-25,1916.015,-4.5993898795155586,-2.8501864546989553,2.9657909776280356
2023-09-26,GOLD,435620,23438,-26667,2023-09-29,2023-10-02,1827.89,1.8335348407179763,5.048170294711385,9.21116697394262
2023-10-03,GOLD,431226,-7561,-22196,2023-10-06,2023-10-09,1861.405,3.156755246708798,5.986606891031232,6.262473776529021
2023-10-10,GOLD,436499,-26767,-18427,2023-10-13,2023-10-16,1920.165,2.7432538349568825,3.9629406847849102,1.3535295143906945
2023-10-17,GOLD,439581,15103,-29966,2023-10-20,2023-10-23,1972.84,1.187121104600486,0.2602846657610236,0.2536951805518939
2023-10-24,GOLD,463476,55748,-40145,2023-10-27,2023-10-30,1996.26,-0.915962850530494,-2.5099435945217574,0.8974281907166315
2023-10-31,GOLD,475808,74840,-44185,2023-11-03,2023-11-06,1977.975,-1.6087159847824162,-0.006572378316205274,2.579658489111347
2023-11-07,GOLD,484347,78235,-44983,2023-11-10,2023-11-13,1946.155,1.628338955530273,3.4950967420374957,1.8336155136666976
2023-11-14,GOLD,486634,64315,-43065,2023-11-17,2023-11-20,1977.845,1.836847680177156,2.586400855476545,2.4974151159468994
2023-11-21,GOLD,508429,79135,-45909,2023-11-24,2023-11-27,2014.175,0.7360333635359373,-1.605371926471133,2.6579120483572805
2023-11-28,GOLD,505658,114893,-50608,2023-12-01,2023-12-04,2029.0,-2.3242976835879836,-0.0867422375554483,1.480778708723518
2023-12-05,GOLD,487469,109387,-49694,2023-12-08,2023-12-11,1981.84,2.2908004682517413,4.332842207241772,2.330914705526177
2023-12-12,GOLD,469939,95528,-45115,2023-12-15,2023-12-18,2027.24,1.9963102543359534,1.5688818294824491,1.3577573449616187
2023-12-19,GOLD,481203,108276,-48016,2023-12-22,2023-12-26,2067.71,-0.4190626345087045,-1.8227894627389718,-1.8646231821677128
2023-12-26,GOLD,491343,106454,-45013,2023-12-29,2024-01-02,2059.045,-1.4096340779341965,-1.4832118773509095,-1.0788982270907188
2024-01-02,GOLD,500364,109149,-41701,2024-01-05,2024-01-08,2028.035,1.3180245903053889,-0.31434368736239504,-0.155076219098782
2024-01-09,GOLD,489849,88459,-45001,2024-01-12,2024-01-15,2054.765,-1.6111331466128642,-1.082118879774563,-1.691434300272776
2024-01-16,GOLD,489334,83229,-40554,2024-01-19,2024-01-22,2021.66,0.5376769585390129,0.15976969421169773,-0.18375988049424974
2024-01-23,GOLD,465872,61033,-38949,2024-01-26,2024-01-29,2032.53,-0.37588621078162854,-0.6159810679301159,-0.0629757002356679
2024-01-30,GOLD,430328,56024,-34359,2024-02-02,2024-02-05,2024.89,-0.2410007457195218,-0.34298159406190853,4.418758549847146
2024-02-06,GOLD,419121,68069,-36618,2024-02-09,2024-02-12,2020.01,-0.10222721669694845,0.5564328889460901,8.05540566630858
2024-02-13,GOLD,420812,34176,-32243,2024-02-16,2024-02-19,2017.945,0.6593341245673123,4.778128244327751,7.05544501956199
2024-02-20,GOLD,407063,49923,-38451,2024-02-23,2024-02-26,2031.25,4.091815384615383,7.457476923076922,6.919630769230767
2024-02-27,GOLD,411195,56153,-39672,2024-03-01,2024-03-04,2114.365,3.2333584787867853,2.1734657923301093,6.49391188370978
2024-03-05,GOLD,471616,109763,-48887,2024-03-08,2024-03-11,2182.73,-1.026695926660648,-0.5005199910204317,7.166255102555064
2024-03-12,GOLD,516057,141083,-48440,2024-03-15,2024-03-18,2160.32,0.5316342023403697,4.228540216264243,10.331339801510886
2024-03-19,GOLD,535047,142896,-49210,2024-03-22,2024-03-25,2171.805,3.6773559320473215,7.705341870011373,7.156950094506631
2024-03-26,GOLD,503642,135795,-47505,2024-03-29,2024-04-01,2251.67,3.885116380286635,5.855209688808749,3.7252350477645635
2024-04-02,GOLD,500045,147080,-44887,2024-04-05,2024-04-08,2339.15,1.8964153645555148,-0.5091593100057801,-0.6478849154607502
2024-04-09,GOLD,505214,141732,-42026,2024-04-12,2024-04-15,2383.51,-2.360804024317098,-2.012158539297093,-1.9874051294100026
2024-04-16,GOLD,517193,134736,-33903,2024-04-19,2024-04-22,2327.24,0.3570753338719035,-0.1394355545624837,4.266427184132304
2024-04-23,GOLD,516249,142139,-32593,2024-04-26,2024-04-29,2335.55,-0.4947442786495837,0.025261715655822137,0.6775705936503007
2024-04-30,GOLD,519791,135027,-30727,2024-05-03,2024-05-06,2323.995,0.5225914857820202,4.412014655797458,1.1463019498751281
2024-05-07,GOLD,529835,126099,-32170,2024-05-10,2024-05-13,2336.14,3.86920304433811,0.6521441351973856,-1.0763481640655104
2024-05-14,GOLD,522952,130435,-29559,2024-05-17,2024-05-20,2426.53,-3.0972211347067735,-3.127717357708326,-4.4196857240586525
2024-05-21,GOLD,530591,148523,-36970,2024-05-24,2024-05-27,2351.375,-0.03147094784965443,-1.7172930732018532,-0.720642177449371
2024-05-28,GOLD,485430,148828,-40644,2024-05-31,2024-06-03,2350.635,-1.6863528365739566,-1.3336821752420236,-0.7989330542598094
2024-06-04,GOLD,447488,152299,-39886,2024-06-07,2024-06-10,2310.995,0.35871994530494167,1.0140653701111502,2.088494349836334
2024-06-11,GOLD,436857,152965,-40807,2024-06-14,2024-06-17,2319.285,0.6530029728989639,0.541977376648406,4.445766691027631
2024-06-18,GOLD,444345,160621,-42558,2024-06-21,2024-06-24,2334.43,-0.11030529936643108,1.0636429449587537,2.6554662165924947
2024-06-25,GOLD,452190,158202,-42603,2024-06-28,2024-07-01,2331.855,1.1752446014010376,3.8827457110326202,2.227196802545617
2024-07-02,GOLD,454730,150815,-44745,2024-07-05,2024-07-08,2359.26,2.6760509651331255,1.5750701491145547,2.146011885082588
2024-07-09,GOLD,516324,157467,-52391,2024-07-12,2024-07-15,2422.395,-1.0722858988728046,-1.5936707266981598,2.0527205513551694
2024-07-16,GOLD,579862,184532,-60318,2024-07-19,2024-07-22,2396.42,-0.5270361622753961,0.5620884486024824,4.501089124610869
2024-07-23,GOLD,572306,162860,-54215,2024-07-26,2024-07-29,2383.79,1.0948951040150368,3.705443852017165,5.628222284681117
2024-07-30,GOLD,510914,152364,-44765,2024-08-02,2024-08-05,2409.89,2.5822755395474406,3.9169837627443638,3.715107328550271
2024-08-06,GOLD,480645,150786,-47145,2024-08-09,2024-08-12,2472.12,1.3011099784800084,1.85407666294517,1.386461822241647
2024-08-13,GOLD,505872,177915,-52935,2024-08-16,2024-08-19,2504.285,0.5458643884382219,-0.19426702631688553,3.1298354620181046
2024-08-20,GOLD,532867,193305,-63995,2024-08-23,2024-08-26,2517.955,-0.736113234748037,-0.45910272423455023,4.395432007323419
2024-08-27,GOLD,521759,200291,-68384,2024-08-30,2024-09-02,2499.42,0.2790647430203741,3.3305726928647417,5.41205559689848
2024-09-03,GOLD,511136,192090,-69629,2024-09-06,2024-09-09,2506.395,3.043015965161122,4.876924826294338,5.433700593880864
2024-09-10,GOLD,511501,190455,-75374,2024-09-13,2024-09-16,2582.665,1.7797507613259933,2.0143921104750273,2.560146205566727
2024-09-17,GOLD,537627,216355,-77587,2024-09-20,2024-09-23,2628.63,0.23053834126522954,0.5308849096297363,3.4635913004112506
2024-09-24,GOLD,564640,219029,-80030,2024-09-27,2024-09-30,2634.69,0.29965574697592423,0.534977549540927,4.0853003579168545
2024-10-01,GOLD,533107,214462,-75226,2024-10-04,2024-10-07,2642.585,0.23461875398520515,2.9172193136644653,3.5578798789821287
2024-10-08,GOLD,520316,194059,-71151,2024-10-11,2024-10-14,2648.785,2.67632140773979,3.531430448299888,-1.1020146973046208
2024-10-15,GOLD,541232,199421,-74698,2024-10-18,2024-10-21,2719.675,0.8328200979896394,0.6225008502854124,-3.9576419976651733
2024-10-22,GOLD,573760,205160,-82095,2024-10-25,2024-10-28,2742.325,-0.20858213377333845,-4.475399524126422,-4.2556954409123655
2024-10-29,GOLD,579468,195173,-74620,2024-11-01,2024-11-04,2736.605,-4.275735811342896,-4.551807805657015,-3.5682899066544205
2024-11-05,GOLD,558034,183003,-69363,2024-11-08,2024-11-11,2619.595,-0.28840336006137335,0.22999738509197343,1.5548204970615709
2024-11-12,GOLD,535981,165296,-67456,2024-11-15,2024-11-18,2612.04,0.5199001546683846,1.0304206673710903,1.5585519364175182
2024-11-19,GOLD,502952,155174,-70317,2024-11-22,2024-11-25,2625.62,0.5078800435706521,1.321783045528302,-0.4899795096015347
2024-11-26,GOLD,472660,179290,-67080,2024-11-29,2024-12-02,2638.955,0.8097902389392786,0.5227447986039913,-1.2554211799746584
2024-12-03,GOLD,462040,180735,-62341,2024-12-06,2024-12-09,2660.325,-0.2847396464717544,-1.7881273904504003,-0.9104150808641687
2024-12-10,GOLD,483346,196078,-66445,2024-12-13,2024-12-16,2652.75,-1.5076807086985111,-1.7689190462727433,0.39430779379889813
2024-12-17,GOLD,466571,183502,-72455,2024-12-20,2024-12-23,2612.755,-0.2652372687067972,0.8936926730596539,3.64174980049794
2024-12-24,GOLD,454646,165497,-74789,2024-12-27,2024-12-30,2605.825,1.1620120307388238,2.2021816507248326,5.174177084032894
2024-12-31,GOLD,458584,166169,-73361,2025-01-03,2025-01-06,2636.105,1.0282215617359647,2.72371548174295,6.77533709772562
2025-01-07,GOLD,477043,177641,-70967,2025-01-10,2025-01-13,2663.21,1.678237915898495,2.907956939182421,9.198110550801486
2025-01-14,GOLD,526467,195622,-73987,2025-01-17,2025-01-20,2707.905,1.2094220439786474,3.944193020065323,7.038097717608238
2025-01-21,GOLD,571387,215869,-80606,2025-01-24,2025-01-27,2740.655,2.70209128839638,6.11240743544883,7.713849426505703
2025-01-28,GOLD,577505,210540,-80898,2025-01-31,2025-02-03,2814.71,3.3205907535767576,2.976505572510124,2.7809259213204873
2025-02-04,GOLD,542004,209533,-63444,2025-02-07,2025-02-10,2908.175,-0.3330267263834008,1.509193910270179,-0.642155303583869
2025-02-11,GOLD,528719,194803,-60901,2025-02-14,2025-02-17,2898.49,1.8483762234818846,-0.18992647895972326,3.54115418718024
2025-02-18,GOLD,522330,185329,-60419,2025-02-21,2025-02-24,2952.065,-2.0013109467440615,-2.1193639028950884,2.0353549125781356
2025-02-25,GOLD,512179,179812,-60490,2025-02-28,2025-03-03,2892.985,-0.12046381159944719,3.738180460666052,7.975672186340388
2025-03-04,GOLD,489270,166658,-58579,2025-03-07,2025-03-10,2889.5,3.863298148468597,4.244679010209373,3.1991694064717136
2025-03-11,GOLD,511276,167576,-57259,2025-03-14,2025-03-17,3001.13,0.3671950232079224,4.084794727319374,6.982369973976454
2025-03-18,GOLD,533566,183834,-64380,2025-03-21,2025-03-24,3012.15,3.7039988048403805,-1.0029381006921967,13.680759590325842
2025-03-25,GOLD,511482,174732,-62757,2025-03-28,2025-03-31,3123.72,-4.538819100303481,2.7838602691662606,7.047846798048485
2025-04-01,GOLD,498746,141999,-62315,2025-04-04,2025-04-07,2981.94,7.670845154496719,14.832458064213228,11.812947275934471
2025-04-08,GOLD,445468,130986,-52647,2025-04-11,2025-04-14,3210.68,6.651394720121595,4.1484981374662055,0.7598078911632333
2025-04-15,GOLD,456628,124854,-51605,2025-04-18,2025-04-21,3424.235,-2.3468015483750437,-2.629492426775615,-5.660680414749574
2025-04-22,GOLD,465351,120902,-45310,2025-04-25,2025-04-28,3343.875,-0.28948450525213554,-3.2537101416769576,-0.0418675937348123
2025-04-29,GOLD,451868,105895,-45074,2025-05-02,2025-05-05,3334.195,-2.9728315230513003,-3.1130452777956896,1.4298803759228207
2025-05-06,GOLD,452414,102091,-45285,2025-05-09,2025-05-12,3235.075,-0.14450978725376595,3.3198612087818713,2.8005533102014812
2025-05-13,GOLD,440842,101227,-41533,2025-05-16,2025-05-19,3230.4,3.4693845963348124,4.6888930163447196,4.7925953442298
2025-05-20,GOLD,448000,107629,-38817,2025-05-23,2025-05-26,3342.475,1.1786176411192395,-0.5026215603706752,0.7995572143396634
2025-05-27,GOLD,437538,110816,-46192,2025-05-30,2025-06-02,3381.87,-1.6616546466895477,0.09905762196653622,-2.327706269016838
2025-06-03,GOLD,415941,123582,-48108,2025-06-06,2025-06-09,3325.675,1.7904635900982457,1.3087568689063023,0.32369368624414196
2025-06-10,GOLD,417143,124091,-49365,2025-06-13,2025-06-16,3385.22,-0.4732336450806729,-2.4243623752665866,-1.224883463999371
2025-06-17,GOLD,441214,130511,-52962,2025-06-20,2025-06-23,3369.2,-1.9604060311052995,-0.9723376469191414,0.8269025287902299
2025-06-24,GOLD,434958,125128,-50415,2025-06-27,2025-06-30,3303.15,1.0078258631911918,1.2292811407293103,0.34209769462481
2025-07-01,GOLD,437662,130360,-49413,2025-07-04,2025-07-07,3336.44,0.21924566304205584,1.8169066430087089,1.1148109961515829
2025-07-08,GOLD,443144,128942,-46812,2025-07-11,2025-07-14,3343.755,1.5941658404996728,-0.8764099044337947,-0.032598082096335634
2025-07-15,GOLD,448531,136727,-46736,2025-07-18,2025-07-21,3397.06,-2.431808681624703,-0.6895668607560523,-1.8888391726963882
2025-07-22,GOLD,489423,159934,-51362,2025-07-25,2025-07-28,3314.45,1.7856657967385337,0.8512724584772702,1.5468629787747545
2025-07-29,GOLD,445259,134256,-48170,2025-08-01,2025-08-04,3373.635,-0.9180009099976849,-1.2075995180273025,3.0450834189234888
2025-08-05,GOLD,449647,153987,-34017,2025-08-08,2025-08-11,3342.665,-0.2922817572206582,0.6897191312919437,8.770995597823884
2025-08-12,GOLD,446152,148287,-39750,2025-08-15,2025-08-18,3332.895,0.9848795116557785,4.304666063587348,10.378214735237679
2025-08-19,GOLD,438541,137385,-40005,2025-08-22,2025-08-25,3365.72,3.287409529016072,8.025920159728095,11.309170103276568
2025-08-26,GOLD,443760,141917,-42328,2025-08-29,2025-09-01,3476.365,4.587694330140835,5.822892590392548,10.284161760919819
2025-09-02,GOLD,492908,161502,-55302,2025-09-05,2025-09-08,3635.85,1.1810168186256353,3.039316803498493,8.93436197862949
2025-09-09,GOLD,509625,163519,-62554,2025-09-12,2025-09-15,3678.79,1.8366093199122524,4.215788343449889,11.730623384319294
2025-09-16,GOLD,516221,158971,-65384,2025-09-19,2025-09-22,3746.355,2.3362708552713274,5.721160968461336,16.267545387449942
2025-09-23,GOLD,528789,160549,-67152,2025-09-26,2025-09-29,3833.88,3.3076152618235266,7.210841236554089,3.8630577900195195
2025-09-30,GOLD,493748,145227,-65397,2025-10-03,2025-10-06,3960.69,3.778255808962583,9.975660806576636,1.0330270735654734
2025-10-07,GOLD,485559,129759,-65352,2025-10-10,2025-10-13,4110.335,5.9717760231221995,-3.1226165263901873,0.12346925493906813
2025-10-14,GOLD,485788,108310,-61457,2025-10-17,2025-10-20,4355.795,-8.581900663369147,-8.131466242098174,-7.115463422865398
2025-10-21,GOLD,472421,92227,-57778,2025-10-24,2025-10-27,3981.985,0.4927190835726458,3.3507157862221915,3.8169405459839822
2025-10-28,GOLD,457122,104159,-58194,2025-10-31,2025-11-03,4001.605,2.8439838514795923,1.10593124508791,5.764811869237474
2025-11-04,GOLD,450399,100545,-59451,2025-11-07,2025-11-10,4115.41,-1.6899895757652272,0.45110936698895543,1.828493394339814
2025-11-10,GOLD,459997,104087,-58746,2025-11-13,2025-11-17,4045.86,2.1779053155571493,4.607920194964721,6.402841423084338
2025-11-18,GOLD,471953,98205,-58897,2025-11-21,2025-11-24,4133.975,2.378219510277635,1.3711984228254703,7.493151264823794
2025-11-25,GOLD,432946,109309,-46692,2025-11-28,2025-12-01,4232.29,-0.9836282485368497,1.7158559550503272,2.369166574124182
2025-12-02,GOLD,418490,120324,-48707,2025-12-05,2025-12-08,4190.66,2.7263008690755264,6.039144192084289,6.168718053958089
2025-12-09,GOLD,432569,123548,-49393,2025-12-12,2025-12-15,4304.91,3.22492223995392,0.642289850426625,6.8001421632508
2025-12-16,GOLD,471093,132596,-44249,2025-12-19,2025-12-22,4443.74,-2.501946558529511,0.12219436780729342,5.098295579849421
2025-12-23,GOLD,492103,136270,-51284,2025-12-26,2025-12-29,4332.56,2.691480325719664,6.118553464926024,15.610055025204495
2025-12-30,GOLD,481866,126040,-54481,2026-01-02,2026-01-05,4449.17,3.3372516671648755,4.970028117603964,4.762348932497518
2026-01-06,GOLD,488116,123213,-50542,2026-01-09,2026-01-12,4597.65,1.5800463280154053,8.944243254706219,10.007830087109726
2026-01-13,GOLD,527455,134745,-51165,2026-01-16,2026-01-19,4670.295,7.249649112101064,-0.1978461745992477,6.888429959991815
2026-01-20,GOLD,528004,137444,-42289,2026-01-23,2026-01-26,5008.875,-6.944074268173983,0.9762671258516153,4.352174889571003
2026-01-27,GOLD,488463,118159,-40589,2026-01-30,2026-02-02,4661.055,8.511377788934027,7.100323853719814,14.178764249724573
2026-02-03,GOLD,409694,92072,-24634,2026-02-06,2026-02-09,5057.775,-1.300374176391783,3.3432685321114652,1.5843923464369247
2026-02-10,GOLD,404391,92022,-18445,2026-02-13,2026-02-16,4992.005,4.704823011996173,6.60916805972751,0.2916663745328618
2026-02-17,GOLD,407078,95893,-21398,2026-02-20,2026-02-23,5226.87,1.8187749073537374,-1.7019746043043016,-15.69514833925465
2026-02-24,GOLD,420182,95974,-19818,2026-02-27,2026-03-02,5321.935,-3.4578588426953827,-5.925852157157141,-15.244173406852967
2026-03-03,GOLD,409789,97917,-20791,2026-03-06,2026-03-09,5137.91,-2.556389660387204,-14.23545760824927,-9.496371092525946
2026-03-10,GOLD,413956,98399,-19696,2026-03-13,2026-03-16,5006.565,-11.985463086966808,-9.905294348520389,-5.317518098736351
2026-03-17,GOLD,411388,102043,-17834,2026-03-20,2026-03-23,4406.505,2.363437690414494,5.52569439952979,9.386350406955168
2026-03-24,GOLD,403925,91621,-22216,2026-03-27,2026-03-30,4510.65,3.0892443439415773,5.092170751443814,3.797789675545671
2026-03-31,GOLD,361409,92814,-19910,2026-04-03,2026-04-06,4649.995,1.9429053149519593,3.658498557525336,-2.707099685053427
2026-04-07,GOLD,354877,90032,-19296,2026-04-10,2026-04-13,4740.34,1.6828961635663164,-1.231662707738268,-0.10305167983731822
2026-04-14,GOLD,362274,95141,-18530,2026-04-17,2026-04-20,4820.115,-2.8663216541514047,-6.140932322154136,-5.26865022929951
2026-04-21,GOLD,365842,92976,-20418,2026-04-24,2026-04-27,4681.955,-3.371241287026472,1.1426850535727118,-2.384474007118831
2026-04-28,GOLD,369530,89752,-20192,2026-05-01,2026-05-04,4524.115,4.671410872623705,0.9293530336872635,-0.8706675228193683
2026-05-05,GOLD,367932,94254,-19112,2026-05-08,2026-05-11,4735.455,-3.5750524500813508,-3.487310089526774,-8.560740203422911
2026-05-12,GOLD,376496,98015,-20202,2026-05-15,2026-05-18,4566.16,0.09099549731064194,-1.7834460465686597,-5.635150761252328
2026-05-19,GOLD,379325,93540,-17914,2026-05-22,2026-05-25,4570.315,-1.8727374371350636,-5.256749261265359,-8.284439912785002
2026-05-26,GOLD,353489,97446,-19510,2026-05-29,2026-06-01,4484.725,-3.4485949528678117,-3.9216451398915164,-10.430293942214973
2026-06-02,GOLD,326052,112179,-20154,2026-06-05,2026-06-08,4330.065,-0.4899464557691191,-3.1956795105847147,-3.8094116370077535
2026-06-09,GOLD,332709,105863,-19300,2026-06-12,2026-06-15,4308.85,-2.7190549682630127,-6.774313331863501,
2026-06-16,GOLD,339330,113721,-17047,2026-06-19,2026-06-22,4191.69,-4.168605025657901,-0.633992494673985,
2026-06-23,GOLD,352167,115395,-9336,2026-06-26,2026-06-29,4016.955,3.688365938876581,,
2026-06-30,GOLD,369541,120091,-17046,2026-07-03,2026-07-06,4165.115,,,
2017-01-03,WTI,2089324,279697,-281439,2017-01-06,2017-01-09,51.3985,2.14597702267576,1.3560707024524055,2.5331478545093766
2017-01-10,WTI,2114656,278360,-288640,2017-01-13,2017-01-16,52.5015,-0.7733112387265151,-0.8952125177375869,0.30094378255860477
2017-01-17,WTI,2179122,343415,-299012,2017-01-20,2017-01-23,52.0955,-0.1228513019358668,1.1613287136124972,2.6029119597662076
2017-01-24,WTI,2151809,366821,-305567,2017-01-27,2017-01-30,52.0315,1.2857595879419037,1.2069611677541392,3.075060300010568
2017-01-31,WTI,2181656,374464,-312979,2017-02-03,2017-02-06,52.7005,-0.07779812335745317,1.4250339180842841,0.4003757080103476
2017-02-07,WTI,2191158,352023,-304424,2017-02-10,2017-02-13,52.6595,1.5040021268716952,1.8458207920698078,-8.230233860936774
2017-02-14,WTI,2183943,383532,-319430,2017-02-17,2017-02-20,53.4515,0.33675387968532533,-1.010261639055976,-9.614323265015956
2017-02-21,WTI,2103278,405328,-341911,2017-02-24,2017-02-27,53.6315,-1.3424946160372264,-9.893439489852051,-11.64986994583408
2017-02-28,WTI,2120334,368602,-330141,2017-03-03,2017-03-06,52.9115,-8.667302949264332,-8.69187227729321,-5.6566152915717645
2017-03-07,WTI,2137532,357178,-320460,2017-03-10,2017-03-13,48.3255,-0.026900911527039106,-1.9492814352670917,9.51878407879898
2017-03-14,WTI,2240261,254820,-271757,2017-03-17,2017-03-20,48.3125,-1.922897800776202,3.3241914618370005,9.02250970245797
2017-03-21,WTI,2194206,233399,-261416,2017-03-24,2017-03-27,47.3835,5.34996359492228,11.696054533751198,3.0137073031751616
2017-03-28,WTI,2222462,210245,-253114,2017-03-31,2017-04-03,49.9185,6.023818824684235,5.514989432775419,-2.9367869627492826
2017-04-04,WTI,2213064,227992,-258241,2017-04-07,2017-04-10,52.9255,-0.4799198873888688,-7.77319061699936,-12.52326383312392
2017-04-11,WTI,2193567,277021,-244246,2017-04-14,2017-04-17,52.6715,-7.328441377215378,-8.010024396495263,-7.512601691616904
2017-04-18,WTI,2161434,293105,-249183,2017-04-21,2017-04-24,48.8115,-0.7354824170533569,-5.150425616914056,3.76960347459101
2017-04-25,WTI,2188272,220950,-240940,2017-04-28,2017-05-01,48.4525,-4.447654919766785,0.5407357721479711,2.6169960270368
2017-05-02,WTI,2215531,163005,-234727,2017-05-05,2017-05-08,46.2975,5.220584264809114,9.404395485717366,1.9936281656677046
2017-05-09,WTI,2276413,115851,-214795,2017-05-12,2017-05-15,48.7145,3.9762288435681414,2.0650935553069516,-5.75393363372303
2017-05-16,WTI,2337124,115560,-216132,2017-05-19,2017-05-22,50.6515,-1.838050205818187,-6.773738191366485,-12.990730777963133
2017-05-23,WTI,2211099,172744,-211588,2017-05-26,2017-05-29,49.7205,-5.028107118794056,-7.660824006194633,-12.940336480928394
2017-05-30,WTI,2198081,185196,-210720,2017-06-02,2017-06-05,47.2205,-2.7721011001577756,-6.6687138001503605,-0.6628477038574387
2017-06-06,WTI,2228585,201590,-220105,2017-06-09,2017-06-12,45.9115,-4.00771048647941,-5.717521753808963,-3.1277566622741615
2017-06-13,WTI,2176740,168627,-211088,2017-06-16,2017-06-19,44.0715,-1.781196464835555,6.434997674233922,4.358825998661264
2017-06-20,WTI,2118015,110749,-198113,2017-06-23,2017-06-26,43.2865,8.365194691185485,2.7468148267935755,7.006803506867043
2017-06-27,WTI,2143111,105983,-194117,2017-06-30,2017-07-03,46.9075,-5.184671960773867,-1.9506475510312815,6.718541811011036
2017-07-03,WTI,2172632,127968,-196332,2017-07-06,2017-07-10,44.4755,3.4108666569234725,4.146102910591232,10.737372261132538
2017-07-11,WTI,2133575,157255,-203615,2017-07-14,2017-07-17,45.9925,0.7109854867641374,8.841658966135778,3.168994944827963
2017-07-18,WTI,2140060,209341,-213192,2017-07-21,2017-07-24,46.3195,8.073273675233983,6.328867971372754,2.3283930094236904
2017-07-25,WTI,2149971,236860,-210635,2017-07-28,2017-07-31,50.059,-1.614095367466395,-5.211850016979957,-6.726063245370462
2017-08-01,WTI,2219691,289879,-210635,2017-08-04,2017-08-07,49.251,-3.6567785425676513,-3.762360155123745,-3.9024588333231747
2017-08-08,WTI,2215548,285264,-188516,2017-08-11,2017-08-14,47.45,-0.10958904109589218,-1.5974710221285604,1.2349841938883
2017-08-15,WTI,2311603,269297,-191090,2017-08-18,2017-08-21,47.398,-1.4895143254989751,-0.14557576269041972,5.181653234313677
2017-08-22,WTI,2236977,252295,-182552,2017-08-25,2017-08-28,46.692,1.3642594020389032,2.8784374196864526,10.75130643365032
2017-08-29,WTI,2247058,138559,-140269,2017-09-01,2017-09-04,47.329,1.4937987280525755,5.334995457330605,6.241416467704797
2017-09-05,WTI,2326586,169675,-133044,2017-09-08,2017-09-11,48.036,3.7846615038720888,7.652593887917392,2.8520276459322202
2017-09-12,WTI,2345125,154078,-108320,2017-09-15,2017-09-18,49.854,3.7268824968909264,0.8605126970754551,3.9796204918361555
2017-09-19,WTI,2377488,208459,-111291,2017-09-22,2017-09-25,51.712,-2.763381806930698,-4.459313118811892,-0.27266398514852463
2017-09-26,WTI,2411223,261107,-107174,2017-09-29,2017-10-02,50.283,-1.7441282341944642,3.0924964699799107,7.173398564127043
2017-10-03,WTI,2471226,250173,-97407,2017-10-06,2017-10-09,49.406,4.922479051127393,4.382058859247873,15.558839007408022
2017-10-10,WTI,2437479,238624,-86266,2017-10-13,2017-10-16,51.838,-0.5150661676762258,3.958486052702659,9.280836452023621
2017-10-17,WTI,2440472,222134,-85406,2017-10-20,2017-10-23,51.571,4.4967132690853395,10.707568206938012,8.902290046731686
2017-10-24,WTI,2371940,239964,-84016,2017-10-27,2017-10-30,53.89,5.943588791983667,5.11968825385043,6.973464464650214
2017-10-31,WTI,2509878,295232,-78342,2017-11-03,2017-11-06,57.093,-0.7776785245126372,-1.6306727619848416,0.4098576007566468
2017-11-07,WTI,2601977,340269,-80951,2017-11-10,2017-11-13,56.649,-0.8596797825204394,1.7634909707143986,2.2771805327543193
2017-11-14,WTI,2627570,372239,-106602,2017-11-17,2017-11-20,56.162,2.6459171681920246,2.074356326341653,1.9888892845696393
2017-11-21,WTI,2512147,339492,-95835,2017-11-24,2017-11-27,57.648,-0.5568276436303199,0.5047876769358917,3.6670829864002163
2017-11-28,WTI,2489012,398106,-101470,2017-12-01,2017-12-04,57.327,1.067559788581307,-0.08373017949656614,5.199993022485039
2017-12-05,WTI,2554224,395080,-92859,2017-12-08,2017-12-11,57.939,-1.1391290840366497,3.146412606361859,6.817514972643646
2017-12-12,WTI,2571686,390146,-87944,2017-12-15,2017-12-18,57.279,4.334922048220102,5.288150980289452,13.163637633338565
2017-12-19,WTI,2456059,375625,-79768,2017-12-22,2017-12-26,59.762,0.9136240420333896,6.134332853652813,7.951541113081895
2017-12-26,WTI,2460193,404238,-84232,2017-12-29,2018-01-02,60.308,5.173442992637778,5.937852357896145,6.161703256616047
2018-01-02,WTI,2479798,389136,-77532,2018-01-05,2018-01-08,61.889,4.734282344196861,3.3592399295512942,2.5674998788153047
2018-01-09,WTI,2545313,432650,-68177,2018-01-12,2018-01-15,64.819,-1.3128866536046502,1.1462688409262567,-8.38951541986146
2018-01-16,WTI,2611581,483829,-78686,2018-01-19,2018-01-22,63.968,2.4918709354677215,-0.7660080040020056,-2.268321660830419
2018-01-23,WTI,2593128,478557,-75252,2018-01-26,2018-01-29,65.562,-3.178670571367559,-9.427717275250902,-2.274183215887249
2018-01-30,WTI,2643683,482780,-84233,2018-02-02,2018-02-05,63.478,-6.454204606320301,-1.5139103311383462,-1.2665805475912895
2018-02-06,WTI,2589270,467783,-80658,2018-02-09,2018-02-12,59.381,5.281150536366863,7.898149239655772,3.4320742324986053
2018-02-13,WTI,2530604,448400,-75335,2018-02-16,2018-02-19,62.517,2.4857238831037964,0.251131692179718,-0.5774429355215438
2018-02-20,WTI,2431805,437931,-76984,2018-02-23,2018-02-26,64.071,-2.180393625821353,-4.139158121459008,2.1132805793572684
2018-02-27,WTI,2460214,460337,-93913,2018-03-02,2018-03-05,62.674,-2.002425248109263,-0.8264990267096373,0.2154003254938308
2018-03-06,WTI,2451492,441124,-91939,2018-03-09,2018-03-12,61.419,1.199954411501336,6.522411631579805,2.9990719484198847
2018-03-13,WTI,2403162,425007,-85747,2018-03-16,2018-03-19,62.156,5.2593474483557445,1.0505824055601964,6.7507561619151835
2018-03-20,WTI,2392391,456228,-96010,2018-03-23,2018-03-26,65.425,-3.998471532288883,-3.3076041268628065,5.345051585785243
2018-03-27,WTI,2513575,463424,-86729,2018-03-30,2018-04-02,62.809,0.7196420895094757,5.64091133436293,9.210463468611184
2018-04-03,WTI,2547337,421064,-86586,2018-04-06,2018-04-09,63.261,4.886106764041043,8.948641343007523,10.636885284772601
2018-04-10,WTI,2480033,416802,-101035,2018-04-13,2018-04-16,66.352,3.8732818905232502,3.3789486375693123,7.261273209549057
2018-04-17,WTI,2596578,431557,-101302,2018-04-20,2018-04-23,68.922,-0.475900293084941,1.5495777835814462,5.378543861176421
2018-04-24,WTI,2574820,424596,-81175,2018-04-27,2018-04-30,68.594,2.035163425372488,3.755430504125745,-3.1037700090386755
2018-05-01,WTI,2621768,406101,-74388,2018-05-04,2018-05-07,69.99,1.6859551364480696,3.770538648378352,-7.319617088155439
2018-05-08,WTI,2658229,403121,-60666,2018-05-11,2018-05-14,71.17,2.0500210762961935,-6.6109315722916895,-7.184206828719963
2018-05-15,WTI,2706454,377456,-30083,2018-05-18,2018-05-21,72.629,-8.486968015530982,-10.687191066929191,-9.354390119649192
2018-05-22,WTI,2643354,354281,-14640,2018-05-25,2018-05-28,66.465,-2.4042729255999373,-0.6138569171744601,2.8150154216504797
2018-05-29,WTI,2620926,300987,-7098,2018-06-01,2018-06-04,64.867,1.8345229469529878,1.4922842123113345,14.310820602155182
2018-06-05,WTI,2546827,286176,-25721,2018-06-08,2018-06-11,66.057,-0.3360733911621949,3.450050713777486,12.13800202855111
2018-06-12,WTI,2524439,290467,-44455,2018-06-15,2018-06-18,65.835,3.798891167312224,12.63005999848108,3.4829497987392877
2018-06-19,WTI,2458404,295863,-38139,2018-06-22,2018-06-25,68.336,8.507960664949676,8.398208850386336,0.4712011238585889
2018-06-26,WTI,2423829,378871,-65468,2018-06-29,2018-07-02,74.15,-0.10114632501686538,-8.121375590020241,-4.594740391099139
2018-07-03,WTI,2466531,430828,-81520,2018-07-06,2018-07-09,74.075,-8.02834964562943,-7.312858589267634,-6.388120148498144
2018-07-10,WTI,2499172,429716,-82552,2018-07-13,2018-07-16,68.128,0.7779473931423198,3.8383630812588,-0.7236378581493619
2018-07-17,WTI,2440486,390762,-72626,2018-07-20,2018-07-23,68.658,3.036791051297727,0.9976987386757674,-3.7038655364269424
2018-07-24,WTI,2361062,383645,-61068,2018-07-27,2018-07-30,70.743,-1.978994388137334,-4.393367541664883,-1.8164341348260504
2018-07-31,WTI,2349169,384445,-59309,2018-08-03,2018-08-06,69.343,-2.463118122954011,-4.65512019958757,1.656980517139428
2018-08-07,WTI,2342575,379245,-63558,2018-08-10,2018-08-13,67.635,-2.247357137576711,2.6953500406594166,0.16559473645301193
2018-08-14,WTI,2329989,332508,-58816,2018-08-17,2018-08-20,66.115,5.0563412236255045,6.620282840505198,4.141269000983128
2018-08-21,WTI,2235767,331660,-35171,2018-08-24,2018-08-27,69.458,1.4886694117308474,-2.463359152293465,4.366667626479304
2018-08-28,WTI,2240977,358237,-44519,2018-08-31,2018-09-03,70.492,-3.8940589003007453,-2.32508653464224,7.372467797764259
2018-09-04,WTI,2303047,377741,-51455,2018-09-07,2018-09-10,67.747,1.6325446145216693,7.002524097007989,9.714083280440477
2018-09-11,WTI,2281869,348568,-49470,2018-09-14,2018-09-17,68.853,5.2837203898159935,9.928398181633336,4.146515039286602
2018-09-18,WTI,2228937,326757,-45532,2018-09-21,2018-09-24,72.491,4.411582127436509,2.5341076823329756,-3.8597894911092445
2018-09-25,WTI,2225779,333641,-69959,2018-09-28,2018-10-01,75.689,-1.7981476832828913,-5.259681063298494,-11.759965120427008
2018-10-02,WTI,2245589,329499,-51305,2018-10-05,2018-10-08,74.328,-3.524916585943394,-6.235873425896033,-15.597083198794536
2018-10-09,WTI,2217171,296677,-27996,2018-10-12,2018-10-15,71.708,-2.810007251631619,-6.8611591454231124,-17.89758464885368
2018-10-16,WTI,2218887,249552,-18659,2018-10-19,2018-10-22,69.693,-4.168280889041942,-9.983786033030572,-17.884149053706967
2018-10-23,WTI,2131494,199449,-17975,2018-10-26,2018-10-29,66.788,-6.068455411151696,-11.849434030065275,-22.918787806192718
2018-10-30,WTI,2093055,186510,-978,2018-11-02,2018-11-05,62.735,-6.15445923328285,-8.77659998405993,-15.476209452458745
2018-11-06,WTI,2075239,148169,-4740,2018-11-09,2018-11-12,58.874,-2.7941026599177965,-12.557325814451204,-13.615517885654116
2018-11-13,WTI,2110793,135681,-3239,2018-11-16,2018-11-19,57.229,-10.04385888273427,-7.344178650684086,-13.978926767897393
2018-11-20,WTI,1998866,132950,17056,2018-11-23,2018-11-26,51.481,3.001107204599762,-1.210155202890395,-17.373399895106935
2018-11-27,WTI,2020092,128444,21244,2018-11-30,2018-12-03,53.026,-4.088560328895275,-7.160638177497836,-13.810206313883755
2018-12-04,WTI,2048735,103980,16320,2018-12-07,2018-12-10,50.858,-3.203035903889251,-16.361241102678036,-4.369027488300747
2018-12-11,WTI,2050634,94640,17980,2018-12-14,2018-12-17,49.229,-13.593613520485892,-7.162444900363596,3.0571411160088546
2018-12-18,WTI,2063376,67296,17134,2018-12-21,2018-12-24,42.537,7.442932035639571,14.338105649199528,26.65914380421752
2018-12-24,WTI,2073992,76210,23818,2018-12-27,2018-12-31,45.703,6.417521825700723,11.008030107432765,13.550532787781977
2018-12-31,WTI,2104675,78117,11713,2019-01-03,2019-01-07,48.636,4.313677111604575,10.775968418455474,12.470186692984608
2019-01-08,WTI,2120930,59699,9987,2019-01-11,2019-01-14,50.734,6.195056569558877,2.2903772617968166,3.2246619623920836
2019-01-15,WTI,2103777,96462,-30709,2019-01-18,2019-01-21,53.877,-3.6768936652003648,1.52940958108283,4.01098799116506
2019-01-22,WTI,2048817,125231,-51440,2019-01-25,2019-01-28,51.896,5.40504085093263,0.9133651919223107,6.231694157545875
2019-01-29,WTI,2042018,153642,-74461,2019-02-01,2019-02-04,54.701,-4.261348055794234,2.444196632602691,2.8244456225663184
2019-02-05,WTI,2057061,148005,-57076,2019-02-08,2019-02-11,52.37,7.0040099293488645,5.270192858506784,8.178346381516132
2019-02-12,WTI,2077398,136383,-39590,2019-02-15,2019-02-18,56.038,-1.6203290624219213,0.37117670152397864,5.212534351689935
2019-02-19,WTI,2019218,143449,-17896,2019-02-22,2019-02-25,55.13,2.0243061853800093,2.762561218937054,6.684200979502974
2019-02-26,WTI,2025884,147914,-15996,2019-03-01,2019-03-04,56.246,0.7236070120541838,4.823454112292436,9.433559719802286
2019-03-05,WTI,2067851,176067,-25388,2019-03-08,2019-03-11,56.653,4.070393447831533,3.816214498790882,13.501491536194044
2019-03-12,WTI,2012864,183808,-32319,2019-03-15,2019-03-18,58.959,-0.24423752098917673,4.397971471700668,7.696874098950102
2019-03-19,WTI,1962559,238665,-40766,2019-03-22,2019-03-25,58.815,4.653574768341406,9.329252741647554,11.454560911332168
2019-03-26,WTI,1968511,267051,-56578,2019-03-29,2019-04-01,61.552,4.467767091239949,3.1599298154405986,3.1842994541200875
2019-04-02,WTI,1975009,285702,-66426,2019-04-05,2019-04-08,64.302,-1.2519050729370873,1.9439519766103697,-2.743305029392573
2019-04-09,WTI,2021814,320058,-74495,2019-04-12,2019-04-15,63.497,3.236373371970336,0.0236231632990469,-4.225396475424037
2019-04-16,WTI,2092151,320048,-65829,2019-04-19,2019-04-22,65.552,-3.112033195020758,-4.597876494996356,-3.6993531852575146
2019-04-23,WTI,2139213,330396,-59049,2019-04-26,2019-04-29,63.512,-1.5335684595037202,-4.248016122937404,-6.883738506109083
2019-04-30,WTI,2144648,315998,-47526,2019-05-03,2019-05-06,62.538,-2.7567239118615805,0.9418273689596912,-15.604912213374256
2019-05-07,WTI,2133539,281128,-30990,2019-05-10,2019-05-13,60.814,3.803400532772061,-2.7526556385042866,-12.217581477949157
2019-05-14,WTI,2153657,264539,-31963,2019-05-17,2019-05-20,63.127,-6.315839498154519,-16.39235192548355,-17.76894197411568
2019-05-21,WTI,2085029,238734,-22055,2019-05-24,2019-05-27,59.14,-10.75583361515049,-9.732837335136967,-2.651335813324307
2019-05-28,WTI,2102854,201307,-2169,2019-05-31,2019-06-03,52.779,1.1462892438280248,-1.6464881865893788,11.87404081168646
2019-06-04,WTI,2078407,170376,11421,2019-06-07,2019-06-10,53.384,-2.761126929417057,7.845047205155109,7.579049902592527
2019-06-11,WTI,2057046,118401,18374,2019-06-14,2019-06-17,51.91,10.907339626276258,13.746869581968802,14.189944134078235
2019-06-18,WTI,2003618,152679,11867,2019-06-21,2019-06-24,57.572,2.5602723546168216,-0.24664767595359294,-2.459528937678046
2019-06-25,WTI,2004961,161211,22377,2019-06-28,2019-07-01,59.046,-2.736849236188732,0.38952680960606667,-3.5345323984689814
2019-07-02,WTI,2031169,173609,23794,2019-07-05,2019-07-08,57.43,3.2143479017934906,-2.218352777294097,-4.4158105519763176
2019-07-09,WTI,1999766,177037,22672,2019-07-12,2019-07-15,59.276,-5.2635130575612425,-3.9088332546055704,-7.615223699304952
2019-07-16,WTI,2089629,219643,15042,2019-07-19,2019-07-22,56.156,1.4299451527886697,-2.247311062041457,-0.016026782534372952
2019-07-23,WTI,2056492,178724,26668,2019-07-26,2019-07-29,56.959,-3.625414772029012,-3.857160413630867,-5.521515476044181
2019-07-30,WTI,2069072,180620,22422,2019-08-02,2019-08-05,54.894,-0.2404634386271698,2.282580974241255,-0.11841002659670474
2019-08-06,WTI,2070210,178649,33452,2019-08-09,2019-08-12,54.762,2.5291260363025314,-1.731127424126222,6.0096417223622245
2019-08-13,WTI,2059135,210389,20269,2019-08-16,2019-08-19,56.147,-4.155164122749211,-2.347409478689866,10.169733022245175
2019-08-20,WTI,2002847,220432,3949,2019-08-23,2019-08-26,53.814,1.886126286839862,7.8771323447429875,8.904745976883333
2019-08-27,WTI,2003007,193681,2309,2019-08-30,2019-09-02,54.829,5.880099947108275,12.818034251946964,-0.9958233781393044
2019-09-03,WTI,2082415,179596,19076,2019-09-06,2019-09-09,58.053,6.55263293886621,0.952577816822564,-8.981447987184122
2019-09-10,WTI,2080994,220488,10450,2019-09-13,2019-09-16,61.857,-5.255670336421092,-12.24437007937662,-13.497259808914109
2019-09-17,WTI,2073041,226814,26699,2019-09-20,2019-09-23,58.606,-7.37637784527182,-9.840289390164836,-8.606627307784187
2019-09-24,WTI,2048088,208712,28941,2019-09-27,2019-09-30,54.283,-2.6601330066503337,-1.4277029640955674,2.6122358749516517
2019-10-01,WTI,2085676,141223,32383,2019-10-04,2019-10-07,52.839,1.2661102594674567,1.368307500141941,6.981585571263649
2019-10-08,WTI,2105717,97063,31595,2019-10-11,2019-10-14,53.508,0.100919488674589,4.098452567840316,6.329894595200725
2019-10-15,WTI,2136717,90462,23551,2019-10-18,2019-10-21,53.562,3.993502856502751,5.537507934729846,6.138680407751762
2019-10-22,WTI,2081290,99852,32142,2019-10-25,2019-10-28,55.701,1.4847130213102133,2.143588086389836,3.8580994955207393
2019-10-29,WTI,2045914,111453,24132,2019-11-01,2019-11-04,56.528,0.6492357769600998,0.5696292103028577,-1.079111236909136
2019-11-05,WTI,2083893,130202,16772,2019-11-08,2019-11-11,56.895,-0.07909306617454037,1.6785306265928446,3.4836101590649537
2019-11-12,WTI,2151499,163519,-13188,2019-11-15,2019-11-18,56.85,1.7590149516270914,-1.6394019349164513,5.869832893579585
2019-11-19,WTI,2123596,138070,-341,2019-11-22,2019-11-25,57.85,-3.339671564390667,1.7752808988763968,4.885047536732934
2019-11-26,WTI,2187168,209187,-17777,2019-11-29,2019-12-02,55.918,5.291677098608694,7.634393218641589,10.324045924389292
2019-12-03,WTI,2163757,151189,-10813,2019-12-06,2019-12-09,58.877,2.224977495456626,3.055522530020216,6.775141396470596
2019-12-10,WTI,2229813,241017,-19689,2019-12-13,2019-12-16,60.187,0.8124678086629977,2.4988784953561494,-3.4907870470367364
2019-12-17,WTI,2166584,285329,-25795,2019-12-20,2019-12-23,60.676,1.6728195662205847,3.6093348276089454,-3.248401344848051
2019-12-24,WTI,2114661,293720,-17977,2019-12-27,2019-12-30,61.691,1.9046538392958334,-5.843640077158751,-14.415392844985497
2019-12-31,WTI,2145567,300778,-24444,2020-01-03,2020-01-06,62.866,-7.6034740559284835,-6.618840072535237,-20.628002417841117
2020-01-07,WTI,2244930,310527,-27058,2020-01-10,2020-01-13,58.086,1.0656612608890281,-9.103742726302377,-14.514685122060389
2020-01-14,WTI,2215893,237049,-1831,2020-01-17,2020-01-20,58.705,-10.062175283195629,-15.002129290520394,-10.87300911336342
2020-01-21,WTI,2146832,243696,3581,2020-01-24,2020-01-27,52.798,-5.492632296677902,-5.952877002916779,-3.1308004091064046
2020-01-28,WTI,2172019,178459,8884,2020-01-31,2020-02-03,49.898,-0.4869934666720144,4.857910136678822,-5.056314882360025
2020-02-04,WTI,2271741,126709,24462,2020-02-07,2020-02-10,49.655,5.371060316181664,3.0007048635585676,-39.39583123552512
2020-02-11,WTI,2213522,112393,13653,2020-02-14,2020-02-17,52.322,-2.2495317457283726,-9.454913802989184,-45.47417912159322
2020-02-18,WTI,2138168,105323,8265,2020-02-21,2020-02-24,51.145,-7.37119953074592,-41.16140385179392,-53.89969694007235
2020-02-25,WTI,2179833,134431,-890,2020-02-28,2020-03-02,47.375,-36.47915567282322,-39.78047493403694,-57.60844327176782
2020-03-03,WTI,2196089,110488,13026,2020-03-06,2020-03-09,30.093,-5.197221945302899,-21.64955305220483,-13.12265310869638
2020-03-10,WTI,2220972,146784,16572,2020-03-13,2020-03-16,28.529,-17.35427109257247,-29.604963370605354,-21.542991342143083
2020-03-17,WTI,2154450,158167,31219,2020-03-20,2020-03-23,23.578,-14.823140215455089,10.88302655017388,-27.42386970905082
2020-03-24,WTI,2141284,165060,37875,2020-03-27,2020-03-30,20.083,30.179754020813633,11.45247224020316,-39.157496389981574
2020-03-31,WTI,2340672,166202,14560,2020-04-03,2020-04-06,26.144,-14.385709914320689,-34.547123623011025,-36.76943084455324
2020-04-07,WTI,2342227,180323,14745,2020-04-10,2020-04-13,22.383,-23.549122101594968,-45.40946253853371,-16.222132868694995
2020-04-14,WTI,2353955,195355,-30887,2020-04-17,2020-04-20,17.112,-28.59396914446003,-3.395278167367921,47.043010752688176
2020-04-21,WTI,2276638,247478,-48528,2020-04-24,2020-04-27,12.219,35.28930354366151,53.46591374089533,125.37032490383831
2020-04-28,WTI,2261202,318366,-75707,2020-05-01,2020-05-04,16.531,13.435363861835349,52.210997519811265,85.30034480672677
2020-05-05,WTI,2243871,328601,-92247,2020-05-08,2020-05-11,18.752,34.183020477815695,46.853668941979535,84.14035836177476
2020-05-12,WTI,2248020,351685,-108882,2020-05-15,2020-05-18,25.162,9.44281058739369,21.739130434782616,40.19553294650666
2020-05-19,WTI,2158749,360183,-121015,2020-05-22,2020-05-25,27.538,11.235383833248601,25.39036967100008,42.119979664463656
2020-05-26,WTI,2135678,374810,-139132,2020-05-29,2020-06-01,30.632,12.72525463567511,15.160616348916168,25.74431966570905
2020-06-02,WTI,2127664,394131,-170091,2020-06-05,2020-06-08,34.53,2.1604401969302023,13.342021430640028,15.334491746307567
2020-06-09,WTI,2126629,397549,-177091,2020-06-12,2020-06-15,35.276,10.945118494160333,9.190384397323959,11.081188343349591
2020-06-16,WTI,2076990,373061,-172309,2020-06-19,2020-06-22,39.137,-1.5816235276081447,1.757927281089522,3.250121368525938
2020-06-23,WTI,2003477,370088,-169507,2020-06-26,2020-06-29,38.518,3.393218754867866,1.7316579261643872,7.323848590269488
2020-06-30,WTI,2008618,374867,-158206,2020-07-03,2020-07-06,39.825,-1.607030759573136,1.4664155681104685,1.7827997489014313
2020-07-07,WTI,1972049,361008,-148497,2020-07-10,2020-07-13,39.185,3.1236442516269003,5.497001403598301,6.80107183871379
2020-07-14,WTI,2019705,359989,-137498,2020-07-17,2020-07-20,40.409,2.301467494864995,0.3118117251107444,5.827909624093652
2020-07-21,WTI,1956768,370122,-135054,2020-07-24,2020-07-27,41.339,-1.944894651539708,1.236120854398992,1.9086093035632246
2020-07-28,WTI,1992556,351776,-130549,2020-07-31,2020-08-03,40.535,3.2441100283705504,5.498951523374873,5.128900949796478
2020-08-04,WTI,2032921,362193,-113296,2020-08-07,2020-08-10,41.85,2.1839904420549727,0.6642771804062031,-6.891278375149346
2020-08-11,WTI,2060880,347996,-98531,2020-08-14,2020-08-17,42.764,-1.4872322514264402,-0.3507623234496493,-13.031989523898602
2020-08-18,WTI,2044952,336736,-87225,2020-08-21,2020-08-24,42.128,1.1536270413976313,-7.505696923661221,-6.003133308013686
2020-08-25,WTI,2052448,331785,-83771,2020-08-28,2020-08-31,42.614,-8.560566949828685,-12.725864739287552,-5.186089078706512
2020-09-01,WTI,2064137,329588,-80887,2020-09-04,2020-09-07,38.966,-4.555253297746753,1.6244931478724967,0.6826464096904905
2020-09-08,WTI,2046660,261119,-57088,2020-09-11,2020-09-14,37.191,6.474684735554281,8.639186900056472,6.039095480089252
2020-09-15,WTI,2108987,291866,-55048,2020-09-18,2020-09-21,39.599,2.032879618172201,-0.9267910805828339,2.6010757847420463
2020-09-22,WTI,2028620,323216,-62763,2020-09-25,2020-09-28,40.404,-2.9007029007029117,-2.3933273933274046,-5.0193050193050315
2020-09-29,WTI,2078331,302458,-65538,2020-10-02,2020-10-05,39.232,0.5225326264274077,3.5608686786296806,-5.857463295269172
2020-10-06,WTI,2111762,306695,-76019,2020-10-09,2020-10-12,39.437,3.0225422826279935,-2.6903669143190423,0.7607069503258401
2020-10-13,WTI,2059382,298039,-74875,2020-10-16,2020-10-19,40.629,-5.5453001550616605,-9.094489157990605,1.969036894828835
2020-10-20,WTI,2008815,337537,-89283,2020-10-23,2020-10-26,38.376,-3.757556806337292,3.546487387950803,11.103293725244946
2020-10-27,WTI,2011744,300339,-91604,2020-10-30,2020-11-02,36.934,7.5892131910976435,12.170357935777343,21.560080142957716
2020-11-03,WTI,2013491,263439,-89679,2020-11-06,2020-11-09,39.737,4.257996325842406,7.297984246420208,14.555703752170523
2020-11-10,WTI,2053450,294341,-89732,2020-11-13,2020-11-16,41.429,2.915831905187183,8.370947886745995,13.365034154819089
2020-11-17,WTI,2083804,299828,-85040,2020-11-20,2020-11-23,42.637,5.300560546004629,6.764078148087349,11.783193001383774
2020-11-24,WTI,2083018,330102,-94283,2020-11-27,2020-11-30,44.897,1.3898478740227649,4.608325723322282,5.89794418335301
2020-12-01,WTI,2122605,338534,-87120,2020-12-04,2020-12-07,45.521,3.1743590870147775,4.701126952395596,3.796050174644683
2020-12-08,WTI,2131913,339362,-83711,2020-12-11,2020-12-14,46.966,1.4797938934548505,1.2328067112379104,10.954733211259192
2020-12-15,WTI,2154618,345617,-78238,2020-12-18,2020-12-21,47.661,-0.24338557730638755,-0.8644384297433971,9.212983361658367
2020-12-21,WTI,2120797,335769,-79051,2020-12-24,2020-12-28,47.545,-0.6225680933852118,9.60353349458407,11.07371963403092
2020-12-29,WTI,2121502,332363,-84133,2021-01-01,2021-01-04,47.249,10.290164871214191,10.165294503587363,13.200279370991975
2021-01-05,WTI,2169541,331199,-77208,2021-01-08,2021-01-11,52.111,-0.113219857611635,1.3413674656022723,11.414096831762976
2021-01-12,WTI,2234696,348044,-72606,2021-01-15,2021-01-18,52.052,1.4562360716206868,2.754937370321975,15.453776992238533
2021-01-19,WTI,2217037,344709,-68006,2021-01-22,2021-01-25,52.81,1.2800605945843424,9.939405415640978,17.797765574701764
2021-01-26,WTI,2316660,336241,-78544,2021-01-29,2021-02-01,53.486,8.549900908649,12.358374153984219,12.610776651834144
2021-02-02,WTI,2389677,345233,-87573,2021-02-05,2021-02-08,58.059,3.508499974164203,7.147901272843149,11.412528634664753
2021-02-09,WTI,2446808,369481,-84548,2021-02-12,2021-02-15,60.096,3.5160410010649734,0.22464057507987079,8.64283812566562
2021-02-16,WTI,2507620,378972,-77993,2021-02-19,2021-02-22,62.209,-3.1796042373290034,3.980131492227801,-1.5399701007892785
2021-02-23,WTI,2460204,364230,-72421,2021-02-26,2021-03-01,60.231,7.394863110358463,8.399329249057796,2.244691271936383
2021-03-02,WTI,2491831,363391,-82031,2021-03-05,2021-03-08,64.685,0.9353018474143937,-5.308804204993434,-9.127309267991034
2021-03-09,WTI,2494636,364146,-77294,2021-03-12,2021-03-15,65.29,-6.18624597947619,-5.677745443406357,-8.681268188083946
2021-03-16,WTI,2523179,362433,-72296,2021-03-19,2021-03-22,61.251,0.5420319668250295,-4.032587223065742,3.6227979951347855
2021-03-23,WTI,2321767,353364,-77163,2021-03-26,2021-03-29,61.583,-4.549956968643942,-3.1843203481480287,0.5456051182956223
2021-03-30,WTI,2327016,355918,-85015,2021-04-02,2021-04-05,58.781,1.4307344209863793,7.977067419744466,9.668090029091037
2021-04-06,WTI,2340357,334393,-93207,2021-04-09,2021-04-12,59.622,6.453993492335042,3.852604743215582,8.76689812485325
2021-04-13,WTI,2301831,343591,-85823,2021-04-16,2021-04-19,63.47,-2.4436741767764336,1.5660942177406545,4.5816921380179565
2021-04-20,WTI,2346793,337741,-85646,2021-04-23,2021-04-26,61.919,4.110208498199253,4.731988565706824,6.605403834041246
2021-04-27,WTI,2353470,344937,-100574,2021-04-30,2021-05-03,64.464,0.5972325639116427,2.9690990320178745,3.7695457930007503
2021-05-04,WTI,2419641,355316,-110939,2021-05-07,2021-05-10,64.849,2.357785008249924,1.7887708368671706,6.726395164150567
2021-05-11,WTI,2444466,331020,-117239,2021-05-14,2021-05-17,66.378,-0.5559070776462116,0.7773659947573064,7.247883334839855
2021-05-18,WTI,2458804,314834,-79396,2021-05-21,2021-05-24,66.009,1.3407262646002893,4.8508536714690464,11.18786832098655
2021-05-25,WTI,2426045,326274,-83144,2021-05-28,2021-05-31,66.894,3.463688821119981,6.420605734445517,9.09349119502496
2021-06-01,WTI,2507073,346046,-95992,2021-06-04,2021-06-07,69.211,2.8579272081027396,6.043836962332594,10.522893759662487
2021-06-08,WTI,2511533,371409,-95501,2021-06-11,2021-06-14,71.189,3.097388641503618,2.5116239868519186,4.318082849878513
2021-06-15,WTI,2474859,382611,-103122,2021-06-18,2021-06-21,73.394,-0.5681663351227662,4.2237785105049275,-8.987110662996978
2021-06-22,WTI,2348317,374397,-108362,2021-06-25,2021-06-28,72.977,4.819326637159649,1.7621990490154449,-0.7796977129780669
2021-06-29,WTI,2369631,356103,-112372,2021-07-02,2021-07-05,76.494,-2.9165686197610174,-12.67550396109498,-6.346903025073869
2021-07-06,WTI,2413946,325879,-93717,2021-07-09,2021-07-12,74.263,-10.052112088119259,-2.4978791592044525,-9.906683004995752
2021-07-13,WTI,2413536,328943,-88505,2021-07-16,2021-07-19,66.798,8.39845504356418,7.247222970747624,1.0524267193628534
2021-07-20,WTI,2243475,280351,-48801,2021-07-23,2021-07-26,72.408,-1.0620373439399033,-7.598607888631081,-9.160589990056344
2021-07-27,WTI,2326985,277610,-41117,2021-07-30,2021-08-02,71.639,-6.60673655411157,-5.776183363810206,-3.2398553860327417
2021-08-03,WTI,2313202,260240,-30100,2021-08-06,2021-08-09,66.906,0.8893073864825185,-1.690431351448296,3.191044151496114
2021-08-10,WTI,2194794,247542,-8573,2021-08-13,2021-08-16,67.501,-2.5569991555680627,2.691811973155933,4.791040132738766
2021-08-17,WTI,2135698,249175,-3218,2021-08-20,2021-08-23,65.775,5.386545039908763,4.965412390725943,7.340174838464453
2021-08-24,WTI,2042879,240128,25122,2021-08-27,2021-08-30,69.318,-0.39960760552815167,2.0442020831530128,9.020744972445826
2021-08-31,WTI,2074185,238944,26220,2021-09-03,2021-09-06,69.041,2.453614518909064,2.2624237771758704,12.573688098376333
2021-09-07,WTI,2107706,235457,33827,2021-09-10,2021-09-13,70.735,-0.1866120025447171,6.836785184137972,13.868664734572711
2021-09-14,WTI,2145165,258231,38136,2021-09-17,2021-09-20,70.603,7.036528192853009,10.083140943019409,16.293925187314983
2021-09-21,WTI,2101558,245810,41774,2021-09-24,2021-09-27,75.571,2.846329941379633,6.5818898783924995,11.380026729830227
2021-09-28,WTI,2175199,257917,28957,2021-10-01,2021-10-04,77.722,3.632176217801919,5.641903193433007,8.323254676925472
2021-10-05,WTI,2230794,278106,19370,2021-10-08,2021-10-11,80.545,1.9392885964367723,4.501831274442858,2.3105096529890234
2021-10-12,WTI,2231227,294148,13089,2021-10-15,2021-10-18,82.107,2.513792977456264,2.538151436540126,-1.3275360200713737
2021-10-19,WTI,2205089,301474,5462,2021-10-22,2021-10-25,84.171,0.02376115289113301,-2.0969217426429543,-8.368678048258914
2021-10-26,WTI,2144359,291608,-3216,2021-10-29,2021-11-01,84.191,-2.120179116532639,-3.7699991685572143,-16.260645437160736
2021-11-02,WTI,2121461,277817,767,2021-11-05,2021-11-08,82.406,-1.6855568769264528,-6.406086935417332,-14.680969832293766
2021-11-09,WTI,2081385,296233,6155,2021-11-12,2021-11-15,81.017,-4.801461421676933,-12.97999185356159,-11.91478331708159
2021-11-16,WTI,2057633,271747,14613,2021-11-19,2021-11-22,77.127,-8.59102519221543,-8.841261814928615,-9.899257069508716
2021-11-23,WTI,2028573,268340,11965,2021-11-26,2021-11-29,70.501,-0.2737549821988261,1.2240961121118943,8.048112792726325
2021-11-30,WTI,2033286,233706,17918,2021-12-03,2021-12-06,70.308,1.5019627922853607,-1.1606076122205211,8.326221767081975
2021-12-07,WTI,1972536,226493,38565,2021-12-10,2021-12-13,71.364,-2.6231713468975904,6.741494310856999,10.056891429852577
2021-12-14,WTI,1953397,211854,51245,2021-12-17,2021-12-20,69.492,9.616934323375336,9.5982271340586,21.47297530651009
2021-12-21,WTI,1892701,216913,58940,2021-12-24,2021-12-27,76.175,-0.017065966524443255,3.10600590744996,11.05612077453233
2021-12-28,WTI,1867339,233873,58864,2021-12-31,2022-01-03,76.162,3.123604947349068,10.834799506315473,16.27845907407892
2022-01-04,WTI,1887131,233355,53884,2022-01-07,2022-01-10,78.541,7.477623152238966,7.710622477432172,17.033141925873107
2022-01-11,WTI,1966615,258654,53063,2022-01-14,2022-01-17,84.414,0.21678868434145127,4.9115075698343835,12.4540952922501
2022-01-18,WTI,2059564,279511,52598,2022-01-21,2022-01-24,84.597,4.684563282385912,8.655153256025638,11.755736019007767
2022-01-25,WTI,2095994,263854,52753,2022-01-28,2022-01-31,88.56,3.7929087624209545,7.18947606142728,9.779810298102976
2022-02-01,WTI,2093735,269135,49956,2022-02-04,2022-02-07,91.919,3.2724463930199565,2.8535993646580105,32.18159466486799
2022-02-08,WTI,2170681,260644,59157,2022-02-11,2022-02-14,94.927,-0.4055748101172485,2.4165938036596613,8.00720553688623
2022-02-15,WTI,2122758,253455,70689,2022-02-18,2022-02-21,94.542,2.8336612299295627,28.51431109982865,18.826553277908232
2022-02-22,WTI,2058132,233237,83080,2022-02-25,2022-02-28,97.221,24.97299966056716,5.458697195050455,7.4428364242293155
2022-03-01,WTI,2028476,244277,82739,2022-03-04,2022-03-07,121.5,-15.614814814814814,-7.538271604938274,-14.085596707818937
2022-03-08,WTI,1896974,234837,85495,2022-03-11,2022-03-14,102.528,9.571044007490626,1.8814372659175849,-6.813748439450695
2022-03-15,WTI,1850794,223651,101875,2022-03-18,2022-03-21,112.341,-7.017918658370492,-7.081119092762211,-4.168558228963592
2022-03-22,WTI,1788211,216624,92842,2022-03-25,2022-03-28,104.457,-0.06797055247613759,-8.534612328517943,-5.113108743310635
2022-03-29,WTI,1795929,212034,88674,2022-04-01,2022-04-04,104.386,-8.472400513478817,3.1345199547832214,1.0279156208687024
2022-04-05,WTI,1823366,205595,89041,2022-04-08,2022-04-11,95.542,12.68133386364112,3.7407632245504585,7.375813778233664
2022-04-12,WTI,1783725,207317,88294,2022-04-15,2022-04-18,107.658,-7.934384811161266,-2.0425792788273944,5.815638410522195
2022-04-19,WTI,1740300,206784,94043,2022-04-22,2022-04-25,99.116,6.399572218410765,3.5039751402397235,14.06634650308729
2022-04-26,WTI,1733586,220951,74307,2022-04-29,2022-05-02,105.459,-2.721436766895191,8.022074929593481,12.804028105709332
2022-05-03,WTI,1751564,224526,58992,2022-05-06,2022-05-09,102.589,11.04406905223756,10.204797785337627,17.738743919913457
2022-05-10,WTI,1736594,222101,62267,2022-05-13,2022-05-16,113.919,-0.7558001738076969,4.426829589445136,6.929484984945455
2022-05-17,WTI,1730665,263848,60383,2022-05-20,2022-05-23,113.058,5.222098391975805,6.836314104265062,-1.7265474358294064
2022-05-24,WTI,1711863,257659,55992,2022-05-27,2022-05-30,118.962,1.5341033271128568,2.3965636085472752,-6.211227114540785
2022-05-31,WTI,1787928,265707,53115,2022-06-03,2022-06-06,120.787,0.8494291604228987,-8.01493538211895,-7.4221563578862
2022-06-07,WTI,1790618,263481,45909,2022-06-10,2022-06-13,121.813,-8.789702248528485,-8.406327731851293,-14.549350233554714
2022-06-14,WTI,1715674,249840,55941,2022-06-17,2022-06-20,111.106,0.42031933468940075,0.644429643763611,-8.342483754252683
2022-06-21,WTI,1658636,216353,69925,2022-06-24,2022-06-27,111.573,0.22317227286172692,-6.706819750297999,-11.472309608955566
2022-06-28,WTI,1651566,225749,65931,2022-07-01,2022-07-04,111.822,-6.914560641018763,-8.929369891434602,-14.371053996530204
2022-07-05,WTI,1637862,191702,74588,2022-07-08,2022-07-11,104.09,-2.1644730521663935,-5.1080795465462625,-12.024209818426367
2022-07-12,WTI,1612803,200495,74949,2022-07-15,2022-07-18,101.837,-3.008729636576102,-5.975234934257689,-13.23094749452557
2022-07-19,WTI,1577616,211412,77480,2022-07-22,2022-07-25,98.773,-3.058528140281247,-7.288429024126019,-7.6124041995282
2022-07-26,WTI,1597451,200176,75649,2022-07-29,2022-08-01,95.752,-4.3633553346144165,-7.716810092739568,1.808839502046955
2022-08-02,WTI,1606910,178543,84873,2022-08-05,2022-08-08,91.574,-3.506453796929254,-0.3494441653744462,-2.5880708498045357
2022-08-09,WTI,1570131,149917,105869,2022-08-12,2022-08-15,88.363,3.271731380781562,10.322193678349523,-0.16975430893021448
2022-08-16,WTI,1557349,135318,97577,2022-08-19,2022-08-22,91.254,6.827097990225073,-2.2464768667674995,-6.339448133780445
2022-08-23,WTI,1503506,160327,94606,2022-08-26,2022-08-29,97.484,-8.493701530507568,-9.510278609823153,-21.45275122071314
2022-08-30,WTI,1470207,147655,88803,2022-09-02,2022-09-05,89.204,-1.1109367292946537,-4.18703197166046,-6.325949508990614
2022-09-06,WTI,1480320,145210,89808,2022-09-09,2022-09-12,88.213,-3.1106526248965594,-13.197601260585168,3.135592259644282
2022-09-13,WTI,1498059,158348,86207,2022-09-16,2022-09-19,85.469,-10.410792217061148,-2.2323883513320486,0.25740326902150557
2022-09-20,WTI,1481545,165028,71256,2022-09-23,2022-09-26,76.571,9.128782437215154,18.81652322680911,11.712005850779029
2022-09-27,WTI,1504991,139167,80336,2022-09-30,2022-10-03,83.561,8.877347087756249,2.5466425724919306,3.7876521343688907
2022-10-04,WTI,1495538,158876,62501,2022-10-07,2022-10-10,90.979,-5.814528627485471,-5.979401839985055,1.3904307587465192
2022-10-11,WTI,1499498,177489,37163,2022-10-14,2022-10-17,85.689,-0.17505164023385866,1.2101903394834856,-0.3396001820537009
2022-10-18,WTI,1454431,147979,34844,2022-10-21,2022-10-24,85.539,1.3876711207753134,7.838529793427562,-5.519119933597549
2022-10-25,WTI,1436942,153683,36957,2022-10-28,2022-10-31,86.726,6.362567165555899,-1.5312593685861242,-11.256140027212137
2022-11-01,WTI,1459052,169413,40216,2022-11-04,2022-11-07,92.244,-7.4216209184337245,-12.386713498980962,-15.821083214084375
2022-11-08,WTI,1446658,185656,15301,2022-11-11,2022-11-14,85.398,-5.363123258155921,-9.876109510761378,-13.959343310147766
2022-11-15,WTI,1469437,166291,8623,2022-11-18,2022-11-21,80.818,-4.76873963720953,-3.919918829963609,-5.986290182880039
2022-11-22,WTI,1405565,147163,14447,2022-11-25,2022-11-28,76.964,0.8913258146665992,-4.530689673093913,3.899225611974444
2022-11-29,WTI,1412121,139797,17504,2022-12-02,2022-12-05,77.65,-5.374114616870573,-2.15067611075338,-0.4430135222150744
2022-12-06,WTI,1436728,144081,7900,2022-12-09,2022-12-12,73.477,3.406508159015753,8.829974005471097,1.9666017937585822
2022-12-13,WTI,1450482,144483,6563,2022-12-16,2022-12-19,75.98,5.244801263490384,1.745196104237956,3.822058436430642
2022-12-20,WTI,1395622,162672,-2695,2022-12-23,2022-12-27,79.965,-3.325204777089985,-6.555367973488401,0.10879759894955043
2022-12-27,WTI,1413545,169002,-15487,2022-12-30,2023-01-03,77.306,-3.3412671720176923,4.846971774506503,2.042532274338349
2023-01-03,WTI,1459936,138840,-15945,2023-01-06,2023-01-09,74.922,5.288166359680746,8.647660233309317,-0.7581217799845108
2023-01-10,WTI,1557092,129332,2471,2023-01-13,2023-01-16,78.884,3.1907611175903794,-1.5643222960296077,0.31438568023933744
2023-01-17,WTI,1613466,158815,-1172,2023-01-20,2023-01-23,81.401,-4.608051498138832,-8.657141804154733,-5.1264726477561755
2023-01-24,WTI,1660450,163010,-3450,2023-01-27,2023-01-30,77.65,-4.244687701223448,1.9085640695428285,-2.6233097231165514
2023-01-31,WTI,1726378,157426,-5589,2023-02-03,2023-02-06,74.354,6.426016085213981,3.865293057535557,8.1219571240283
2023-02-07,WTI,1791955,146006,3750,2023-02-10,2023-02-13,79.132,-2.406106252843365,-4.446999949451557,-5.671536167416469
2023-02-14,WTI,1821601,163779,-7859,2023-02-17,2023-02-20,77.228,-2.0912104418086663,4.098254519086342,-12.39705806184286
2023-02-21,WTI,1756029,134036,1183,2023-02-24,2023-02-27,75.613,6.321664264081583,-1.281525663576366,-3.785063415021217
2023-02-28,WTI,1750212,139954,-237,2023-03-03,2023-03-06,80.393,-7.151120122398713,-15.845906981951174,-0.07836503178137999
2023-03-07,WTI,1755027,146937,-4546,2023-03-10,2023-03-13,74.644,-9.364449922297858,-2.5360377257381717,6.979797438508117
2023-03-14,WTI,1767660,96286,7451,2023-03-17,2023-03-20,67.654,7.533922606202159,18.736512253525284,19.664764832825842
2023-03-21,WTI,1791902,52147,52692,2023-03-24,2023-03-27,72.751,10.417726216821755,9.763439677805108,8.164836222182515
2023-03-28,WTI,1785807,97927,39791,2023-03-31,2023-04-03,80.33,-0.5925557077057109,0.7817751773932624,-5.7089505788621935
2023-04-04,WTI,1858446,166263,21372,2023-04-07,2023-04-10,79.854,1.3825231046660225,-1.4564079444987055,-8.836125929821925
2023-04-11,WTI,1875140,188294,16021,2023-04-14,2023-04-17,80.958,-2.800217396674809,-6.4403764915141215,-11.922231280417005
2023-04-18,WTI,1913192,191741,2349,2023-04-21,2023-04-24,78.691,-3.7450280209935127,-7.488785248630725,-8.420276778793001
2023-04-25,WTI,1826195,174090,-11725,2023-04-28,2023-05-01,75.744,-3.8894169835234416,-5.859209970426704,-3.630650612589781
2023-05-02,WTI,1908299,131831,-11964,2023-05-05,2023-05-08,72.798,-2.049506854583927,-1.006895793840501,-1.2280557158163785
2023-05-09,WTI,1885886,147256,2248,2023-05-12,2023-05-15,71.306,1.064426555970055,2.367262221972899,-5.575968361708695
2023-05-16,WTI,1856570,131670,14032,2023-05-19,2023-05-22,72.065,1.2891139943106866,-0.2234094220495364,-1.001873308818424
2023-05-23,WTI,1847901,119658,20393,2023-05-26,2023-05-29,72.994,-1.493273419733132,-7.75954188015453,-4.901772748445077
2023-05-30,WTI,1920740,78440,32553,2023-06-02,2023-06-05,71.904,-6.361259457053848,-0.7802069425901115,-2.602080551846897
2023-06-06,WTI,1951628,81354,33906,2023-06-09,2023-06-12,67.33,5.960196049309374,3.09817317688994,8.666270607455818
2023-06-13,WTI,1886782,71044,36273,2023-06-16,2023-06-19,71.343,-2.701035840937449,-1.836199767321256,3.8966682085137982
2023-06-20,WTI,1846816,91742,45538,2023-06-23,2023-06-26,69.416,0.8888440705312917,5.400772156275213,13.760516307479564
2023-06-27,WTI,1865745,56220,54961,2023-06-30,2023-07-03,70.033,4.472177402081878,5.840103950994546,16.80065112161411
2023-07-03,WTI,1816043,78028,59640,2023-07-06,2023-07-10,73.165,1.3093692339233298,7.931387958723435,12.777967607462571
2023-07-11,WTI,1796348,122303,52259,2023-07-14,2023-07-17,74.123,6.536432686210758,10.355760020506466,11.23537903214924
2023-07-18,WTI,1768189,161921,30939,2023-07-21,2023-07-24,78.968,3.584996454259959,4.490426501874167,2.1287103636916216
2023-07-25,WTI,1743598,182850,22020,2023-07-28,2023-07-31,81.799,0.8740938153277922,0.7970757588723343,-1.7983104927933202
2023-08-01,WTI,1752072,198935,12478,2023-08-04,2023-08-07,82.514,-0.07635067988462918,-2.260222507695653,4.507113944300367
2023-08-08,WTI,1703711,205375,7550,2023-08-11,2023-08-14,82.451,-2.1855405028441077,-2.574862645692577,6.08967750542746
2023-08-15,WTI,1702766,173842,13780,2023-08-18,2023-08-21,80.649,-0.39802105419781686,6.923830425671751,13.599672655581596
2023-08-22,WTI,1623347,144208,26341,2023-08-25,2023-08-28,80.328,7.351110447166609,8.893536500348564,12.498755104073279
2023-08-29,WTI,1658521,171765,32061,2023-09-01,2023-09-04,86.233,1.4368049354655188,6.243549453225561,3.1809168183873915
2023-09-05,WTI,1703130,232918,22547,2023-09-08,2023-09-11,87.472,4.738659228095865,3.310773733308947,-1.0460490214011298
2023-09-12,WTI,1791696,264030,10714,2023-09-15,2023-09-18,91.617,-1.3632841066614332,-2.8826527827804926,-4.729471604614865
2023-09-19,WTI,1692990,281620,15583,2023-09-22,2023-09-25,90.368,-1.540368271954673,-4.217200779036823,-3.2622167138810165
2023-09-26,WTI,1750559,301660,3168,2023-09-29,2023-10-02,88.976,-2.718710663549717,-1.9016363963315852,-6.111760474734762
2023-10-03,WTI,1787495,293235,1741,2023-10-06,2023-10-09,86.557,0.8399089617246558,0.9970308582783582,-5.7892487031666935
2023-10-10,WTI,1753314,254544,12477,2023-10-13,2023-10-16,87.284,0.1558132074606977,-4.2917373172632,-9.644379267677927
2023-10-17,WTI,1654168,203144,22023,2023-10-20,2023-10-23,87.42,-4.440631434454367,-6.719286204529851,-10.896819949668268
2023-10-24,WTI,1628044,195976,19677,2023-10-27,2023-10-30,83.538,-2.3845435610141408,-5.592664416193827,-9.92961287078934
2023-10-31,WTI,1671255,136064,32197,2023-11-03,2023-11-06,81.546,-3.2864886076570343,-4.478453878792344,-9.955117357074549
2023-11-07,WTI,1688562,111309,46727,2023-11-10,2023-11-13,78.866,-1.2324702660208353,-4.5938680800344915,-9.363984480004062
2023-11-14,WTI,1639133,99563,73499,2023-11-17,2023-11-20,77.894,-3.4033430045960045,-5.733432613551759,-6.641076334505868
2023-11-21,WTI,1553677,84929,99895,2023-11-24,2023-11-27,75.243,-2.412184522148242,-4.99980064590726,0.05183206411227825
2023-11-28,WTI,1563737,78316,113344,2023-12-01,2023-12-04,73.428,-2.651577055074361,-0.9628479599062989,-4.123767500136177
2023-12-05,WTI,1650437,62777,120140,2023-12-08,2023-12-11,71.481,1.7347267105944475,5.317496957233403,-0.8687623284509116
2023-12-12,WTI,1650245,45912,135358,2023-12-15,2023-12-18,72.721,3.521678744791723,-3.191650279836633,-0.2420208743004082
2023-12-19,WTI,1579670,87328,134304,2023-12-22,2023-12-26,75.282,-6.484949921628003,-4.149730347227754,-1.0786110889721257
2023-12-26,WTI,1554682,107403,123848,2023-12-29,2024-01-02,70.4,2.4971590909090846,2.211647727272714,10.42471590909091
2024-01-02,WTI,1586914,66563,139281,2024-01-05,2024-01-08,70.86,2.3779283093423587,5.304826418289577,2.7152130962461385
2024-01-09,WTI,1598167,90956,131819,2024-01-12,2024-01-15,72.545,2.858915156110009,6.083120821559018,6.02798263147013
2024-01-16,WTI,1610493,72473,144913,2024-01-19,2024-01-22,74.619,3.1345903858266633,-2.459159195379179,5.223870595960811
2024-01-23,WTI,1649542,121750,134379,2024-01-26,2024-01-29,76.958,-5.423737623119096,-0.05197640271316084,1.1200914784687654
2024-01-30,WTI,1747660,137515,126416,2024-02-02,2024-02-05,72.784,5.679819740602321,7.87673114970322,8.415311057375252
2024-02-06,WTI,1808220,77073,141502,2024-02-09,2024-02-12,76.918,2.0788372032553903,1.172677396708166,1.6979120621960941
2024-02-13,WTI,1715857,100188,147779,2024-02-16,2024-02-19,78.517,-0.8877058471413846,0.499254938421001,5.251092120177803
2024-02-20,WTI,1662234,123396,130081,2024-02-23,2024-02-26,77.82,1.399383191981518,0.5191467489077395,5.783860190182488
2024-02-27,WTI,1658921,166538,96888,2024-03-01,2024-03-04,78.909,-0.8680885577057151,4.728231253722637,6.7571506418786065
2024-03-05,WTI,1642519,174585,71456,2024-03-08,2024-03-11,78.224,5.645326242585402,5.237523010840661,10.877735733278794
2024-03-12,WTI,1718985,160593,80260,2024-03-15,2024-03-18,82.64,-0.38601161665053896,1.9373184898354268,4.031945788964175
2024-03-19,WTI,1713716,205684,75482,2024-03-22,2024-03-25,82.321,2.332333183513313,5.359507294614985,0.5648619428821444
2024-03-26,WTI,1775565,205794,60421,2024-03-29,2024-04-01,84.241,2.9581795087902707,2.0548189124060645,-1.20012820360631
2024-04-02,WTI,1757685,215843,55035,2024-04-05,2024-04-08,86.733,-0.8774053705048912,-4.5507476969550265,-8.913562311922806
2024-04-09,WTI,1762094,222132,62071,2024-04-12,2024-04-15,85.972,-3.7058577211184995,-3.1894105057460487,-7.672265388731203
2024-04-16,WTI,1799606,185786,70701,2024-04-19,2024-04-22,82.786,0.5363225666175531,-4.570821153335114,-3.7083564853960915
2024-04-23,WTI,1765266,161402,91702,2024-04-26,2024-04-29,83.23,-5.079899074852823,-4.630541871921179,-5.129160158596669
2024-04-30,WTI,1794542,158705,86907,2024-05-03,2024-05-06,79.002,0.4734057365636479,0.9037745879851178,-5.997316523632312
2024-05-07,WTI,1836765,104519,119957,2024-05-10,2024-05-13,79.376,0.4283410602700988,-0.5228280588591039,-1.2081737552912752
2024-05-14,WTI,1787763,119232,120478,2024-05-17,2024-05-20,79.716,-0.9471122484821071,-6.839279442019164,0.8555371569070269
2024-05-21,WTI,1784152,161547,104431,2024-05-24,2024-05-27,78.961,-5.948506224591887,-0.688947708362353,3.9766466990033056
2024-05-28,WTI,1833461,196185,89258,2024-05-31,2024-06-03,74.264,5.59221156953571,8.259722072605836,12.664278789184525
2024-06-04,WTI,1814253,145312,91667,2024-06-07,2024-06-10,78.417,2.5262379331012275,4.697960901335163,5.122613718963986
2024-06-11,WTI,1755642,186682,98786,2024-06-14,2024-06-17,80.398,2.1182118958183116,4.068509166894696,2.100798527326564
2024-06-18,WTI,1677538,180634,93790,2024-06-21,2024-06-24,82.101,1.9098427546558439,0.4055979829721945,-3.2776701867212377
2024-06-25,WTI,1680601,224638,80268,2024-06-28,2024-07-01,83.669,-1.4760544526646657,-1.8907839223607281,-8.220487874840144
2024-07-02,WTI,1721585,233203,84348,2024-07-05,2024-07-08,82.434,-0.4209428148579386,-3.6683892568600385,-9.670766916563544
2024-07-09,WTI,1767729,240012,78122,2024-07-12,2024-07-15,82.087,-3.2611741201408306,-6.451691498044765,-2.811651053150932
2024-07-16,WTI,1831212,248501,77696,2024-07-19,2024-07-22,79.41,-3.298073290517567,-6.230953280443263,-5.31922931620702
2024-07-23,WTI,1809094,225041,84301,2024-07-26,2024-07-29,76.791,-3.032907502181237,3.8910809860530637,1.9221002461225822
2024-07-30,WTI,1787630,199250,98708,2024-08-02,2024-08-05,74.462,7.140554913915809,0.9723080228841496,0.4606376406757873
2024-08-06,WTI,1828846,172634,128807,2024-08-09,2024-08-12,79.779,-5.7571541383070635,-1.8952355883127159,-13.195201744820062
2024-08-13,WTI,1790876,191765,122187,2024-08-16,2024-08-19,75.186,4.097837363338908,-0.5067432766738489,-6.0090974383528835
2024-08-20,WTI,1742632,169913,116080,2024-08-23,2024-08-26,78.267,-4.423320173253087,-11.518264402621792,-8.210356855379663
2024-08-27,WTI,1742613,179969,122488,2024-08-30,2024-09-02,74.805,-7.423300581511949,-5.5303789853619385,-7.606443419557529
2024-09-03,WTI,1727524,115268,149836,2024-09-06,2024-09-09,69.252,2.044706290071052,3.738520187142602,12.555594062265364
2024-09-10,WTI,1802465,95833,171601,2024-09-13,2024-09-16,70.668,1.659874341993528,-2.1976000452821776,2.4523122205241332
2024-09-17,WTI,1812275,130773,173398,2024-09-20,2024-09-23,71.841,-3.7944906112108656,8.49932489803873,-1.670355368104548
2024-09-24,WTI,1780393,159082,163264,2024-09-27,2024-09-30,69.115,12.778702163061585,4.754394849164445,-0.6916009549301827
2024-10-01,WTI,1771336,136929,181061,2024-10-04,2024-10-07,77.947,-7.1150910233876985,-9.373035524138196,-7.405031624052249
2024-10-08,WTI,1707072,131063,192452,2024-10-11,2024-10-14,72.401,-2.430905650474424,-5.198823220673743,-5.552409497106392
2024-10-15,WTI,1689760,118546,190260,2024-10-18,2024-10-21,70.641,-2.8368794326241176,2.171543437946788,-1.7468608881527903
2024-10-22,WTI,1648928,101946,194354,2024-10-25,2024-10-28,68.637,5.154654195259112,-0.3729766743884477,1.0038317525532747
2024-10-29,WTI,1751736,91633,201558,2024-11-01,2024-11-04,72.175,-5.2566678212677465,-3.8351229650155916,-5.331485971596816
2024-11-05,WTI,1746717,146651,194740,2024-11-08,2024-11-11,68.381,1.500416782439551,1.3819628259311711,-0.1901112882233269
2024-11-12,WTI,1792299,133663,194077,2024-11-15,2024-11-18,69.407,-0.11670292621782652,-1.5560390162375537,1.82546429034538
2024-11-19,WTI,1768651,104941,220707,2024-11-22,2024-11-25,69.326,-1.4410177999596097,-1.5506447797362988,0.839511871447951
2024-11-26,WTI,1740661,106409,212550,2024-11-29,2024-12-02,68.327,-0.11122982130049586,3.4349525077934207,4.507734863231216
2024-12-03,WTI,1780843,114821,220155,2024-12-06,2024-12-09,68.251,3.5501311336097574,2.4278032556299456,7.850434425869213
2024-12-10,WTI,1808227,104968,222374,2024-12-13,2024-12-16,70.674,-1.0838497891728305,1.0371565214930323,11.603984492175323
2024-12-17,WTI,1827905,164387,204788,2024-12-20,2024-12-23,69.908,2.1442467242661634,5.294100818218217,10.838530640270072
2024-12-24,WTI,1829252,186914,193306,2024-12-27,2024-12-30,71.407,3.0837312868486233,10.458358424244118,3.534667469575803
2024-12-31,WTI,1872970,203048,189045,2025-01-03,2025-01-06,73.609,7.154016492548476,5.265660449129861,-0.9862924370661164
2025-01-07,WTI,1958411,253879,189471,2025-01-10,2025-01-13,78.875,-1.7622820919175886,-6.26814580031696,-7.694453248811417
2025-01-14,WTI,1896350,236242,190288,2025-01-17,2025-01-20,77.485,-4.586694198877206,-5.939214041427377,-7.396270245854031
2025-01-21,WTI,1867000,247445,188213,2025-01-24,2025-01-27,73.931,-1.4175379745979377,-1.5216891425788859,-3.681811418755321
2025-01-28,WTI,1782462,191531,207661,2025-01-31,2025-02-03,72.883,-0.10564877955078211,-1.5490580793874997,-5.7654048269143665
2025-02-04,WTI,1765342,144136,223801,2025-02-07,2025-02-10,72.806,-1.4449358569348592,-2.1935005356701343,-9.308298766585176
2025-02-11,WTI,1788275,130304,231169,2025-02-14,2025-02-17,71.754,-0.7595395378654834,-4.282688073138785,-5.765532235136717
2025-02-18,WTI,1752594,105892,235520,2025-02-21,2025-02-24,71.209,-3.5501130475080522,-7.274361386903349,-2.4673847406929017
2025-02-25,WTI,1768799,68773,236840,2025-02-28,2025-03-03,68.681,-3.8613299165708104,-1.549191188247101,4.261731774435451
2025-03-04,WTI,1816244,98649,234997,2025-03-07,2025-03-10,66.029,2.40500386193947,5.184085780490388,-7.490648048584713
2025-03-11,WTI,1793310,107744,240122,2025-03-14,2025-03-17,67.617,2.7138145732581886,5.902361832083636,-8.829140600736507
2025-03-18,WTI,1768386,92263,240139,2025-03-21,2025-03-24,69.452,3.104302251915003,-12.05004895467373,-9.066693543742431
2025-03-25,WTI,1783978,93243,244181,2025-03-28,2025-03-31,71.608,-14.698078426991401,-13.910456932186355,-13.07675120098314
2025-04-01,WTI,1836468,101417,271803,2025-04-04,2025-04-07,61.083,0.923333824468342,3.392105823224134,-5.993484275493999
2025-04-08,WTI,1991545,48539,298125,2025-04-11,2025-04-14,61.647,2.446185540253376,0.9684169545963295,0.7429396402095723
2025-04-15,WTI,1918217,79913,292787,2025-04-18,2025-04-21,63.155,-1.4424827804607743,-9.077666059694412,-0.7964531707703282
2025-04-22,WTI,1860519,131735,282430,2025-04-25,2025-04-28,62.244,-7.746931431141957,-0.22331469699891082,-0.5012531328320802
2025-04-29,WTI,1896516,140031,263071,2025-05-02,2025-05-05,57.422,8.15541081815332,9.108007383929518,10.22778725923863
2025-05-06,WTI,1982266,128575,247819,2025-05-09,2025-05-12,62.105,0.8807664439256069,-0.2785605023750026,5.5679896948716
2025-05-13,WTI,1948099,118096,253242,2025-05-16,2025-05-19,62.652,-1.14920513311626,1.0263040286024427,14.055417225308053
2025-05-20,WTI,1873273,111879,256419,2025-05-23,2025-05-26,61.932,2.200800878382747,5.862881870438552,10.385584189110642
2025-05-27,WTI,1943708,103947,270393,2025-05-30,2025-06-02,63.295,3.583221423493166,12.896753298048825,3.9244806066829785
2025-06-03,WTI,2010313,144631,257285,2025-06-06,2025-06-09,65.563,8.991351829537987,4.272226713237659,4.459832527492624
2025-06-10,WTI,2017212,161577,245475,2025-06-13,2025-06-16,71.458,-4.329816115760298,-7.947325701810859,-6.035713286126121
2025-06-17,WTI,1938664,170605,257783,2025-06-20,2025-06-23,68.364,-3.781229887075077,0.17991925574862844,-2.2087648469955035
2025-06-24,WTI,1961998,161487,258118,2025-06-27,2025-06-30,65.779,4.116815397011209,2.0766506027759535,3.089131789780941
2025-07-01,WTI,1989440,174633,258199,2025-07-04,2025-07-07,68.487,-1.9594959627374564,-2.3843941185918482,-2.438418970023515
2025-07-08,WTI,1991225,145697,272897,2025-07-11,2025-07-14,67.145,-0.43339042370987846,0.9918832377690201,-4.210291160920399
2025-07-15,WTI,2069099,91769,303419,2025-07-18,2025-07-21,66.854,1.4314775480898767,-0.055344482005570406,-5.160498997816132
2025-07-22,WTI,2013304,98237,286090,2025-07-25,2025-07-28,67.811,-1.4658388756986551,-5.151081682912817,-3.534824733450337
2025-07-29,WTI,2028873,97387,291111,2025-08-01,2025-08-04,66.817,-3.7400661508298683,-5.1079815017136205,-2.5442626876393537
2025-08-05,WTI,2036424,81337,288472,2025-08-08,2025-08-11,64.318,-1.4210640878136616,1.7040330856058938,-2.4114555800864412
2025-08-12,WTI,2010959,48865,299912,2025-08-15,2025-08-18,63.404,3.1701469938805182,2.7017222888145787,0.05362437701090794
2025-08-19,WTI,1922821,27445,297794,2025-08-22,2025-08-25,65.414,-0.45403124713363496,-4.046534381019351,-4.107683370532311
2025-08-26,WTI,1912554,24621,298128,2025-08-29,2025-09-01,65.117,-3.608888615876038,-2.5784357387471757,-2.561543068630323
2025-09-02,WTI,1987861,27323,299736,2025-09-05,2025-09-08,62.767,1.069033090636795,-0.0637277550305182,-1.3478420188952844
2025-09-09,WTI,1957115,10002,301400,2025-09-12,2025-09-15,63.438,-1.120779343611089,0.01733976480973176,-5.969608121315295
2025-09-16,WTI,1962620,36799,292741,2025-09-19,2025-09-22,62.727,1.151019497186212,-1.2849331228976357,-8.536993639102775
2025-09-23,WTI,1936690,26483,283712,2025-09-26,2025-09-29,63.449,-2.4082333842928905,-5.985909943419121,-2.4271462119182297
2025-09-30,WTI,2006358,14053,273661,2025-10-03,2025-10-06,61.921,-3.665961467030565,-7.346457583049371,-1.023885273170655
2025-10-07,WTI,2036074,-17481,294284,2025-10-10,2025-10-13,59.651,-3.8205562354361233,3.785351460998121,0.9069420462356037
2025-10-14,WTI,2066590,-18766,295445,2025-10-17,2025-10-20,57.372,7.908038764554126,6.823886216272745,4.2790908457087
2025-10-21,WTI,1997649,-38154,309536,2025-10-24,2025-10-27,61.909,-1.0047004474309063,-2.77342551163805,-4.653604484000706
2025-10-28,WTI,1891657,-8600,297846,2025-10-31,2025-11-03,61.287,-1.786675804004112,-2.3822344053388123,-2.74935957054514
2025-11-04,WTI,1924327,7737,277216,2025-11-07,2025-11-10,60.192,-0.6063928761297244,-1.9338118022328543,-2.146464646464652
2025-11-10,WTI,1913442,-11646,271318,2025-11-13,2025-11-17,59.827,-1.3355174085279198,-0.37608437661925675,-5.223394119711832
2025-11-18,WTI,1868023,-12671,276037,2025-11-21,2025-11-24,59.028,0.9724198685369556,-0.21684624246121054,-1.58399403672832
2025-11-25,WTI,1890503,-37010,273875,2025-11-28,2025-12-01,59.602,-1.177812825072977,-4.8656085366262865,-2.788497030300996
2025-12-02,WTI,1914667,-34768,273252,2025-12-05,2025-12-08,58.9,-3.7317487266553484,-1.370118845500845,-0.84550084889643
2025-12-09,WTI,1867966,6878,252183,2025-12-12,2025-12-15,56.702,2.4531762548058333,2.1833445028394127,5.62061302952277
2025-12-16,WTI,1916438,74,247515,2025-12-19,2025-12-22,58.093,-0.26337080198992613,0.5319057373521785,2.508047441171901
2025-12-23,WTI,1863543,11360,245148,2025-12-26,2025-12-29,57.94,0.7973765964791157,3.36382464618572,5.179496030376263
2025-12-30,WTI,1898257,15743,235605,2026-01-02,2026-01-05,58.402,2.5461456799424687,1.9656861066401854,6.873052292729698
2026-01-06,WTI,1968879,24528,223120,2026-01-09,2026-01-12,59.889,-0.5660471872965034,1.756583011905355,7.674197264940141
2026-01-13,WTI,2018789,47570,229841,2026-01-16,2026-01-19,59.55,2.3358522250209957,4.812762384550795,7.039462636439975
2026-01-20,WTI,1964359,47500,204437,2026-01-23,2026-01-26,60.941,2.4203738041712386,5.815460855581622,8.939794227203347
2026-01-27,WTI,2035649,59047,192338,2026-01-30,2026-02-02,62.416,3.314855165342223,2.124455267880032,14.00121763650346
2026-02-03,WTI,2091314,76760,170640,2026-02-06,2026-02-09,64.485,-1.152205939365747,2.9526246413894564,31.579437078390328
2026-02-10,WTI,2070538,79146,168124,2026-02-13,2026-02-16,63.742,4.152677983119446,11.629694706786742,48.22252204198174
2026-02-17,WTI,2087493,63785,156331,2026-02-20,2026-02-23,66.389,7.178900118995624,27.80581120366328,35.561614122821574
2026-02-24,WTI,2102705,67700,130763,2026-02-27,2026-03-02,71.155,19.245309535521038,32.78054950460263,48.83423512051157
2026-03-03,WTI,2073033,68385,178669,2026-03-06,2026-03-09,84.849,11.35075251328832,6.068427441690538,33.55843910947682
2026-03-10,WTI,2051321,92122,212558,2026-03-13,2026-03-16,94.48,-4.743861134631667,12.090389500423381,4.0368331922099765
2026-03-17,WTI,2081576,96371,249396,2026-03-20,2026-03-23,89.998,17.672614946998834,25.91724260539121,-1.357807951287815
2026-03-24,WTI,2002065,94336,267288,2026-03-27,2026-03-30,105.903,7.006411527529899,-7.184876726816059,-6.41058326959576
2026-03-31,WTI,2030970,73347,287728,2026-04-03,2026-04-06,113.323,-13.262091543640741,-21.661092629033817,-5.669634584329741
2026-04-07,WTI,2037857,78700,293113,2026-04-10,2026-04-13,98.294,-9.683195312023118,0.8342319978839052,0.984800699941002
2026-04-14,WTI,2094492,98368,293996,2026-04-17,2026-04-20,88.776,11.645039199783724,20.413174731909535,20.433450482112292
2026-04-21,WTI,1984747,99887,314305,2026-04-24,2026-04-27,99.114,7.853582743103882,0.14932300179590907,-5.704542244284372
2026-04-28,WTI,2017038,80331,320120,2026-05-01,2026-05-04,106.898,-7.143258059084356,0.0168384815431466,-11.294879230668487
2026-05-05,WTI,2067827,70791,337501,2026-05-08,2026-05-11,99.262,7.7109064898954305,-5.845137111885723,-6.499969776953918
2026-05-12,WTI,2081927,72801,357407,2026-05-15,2026-05-18,106.916,-12.585581203935803,-11.309813311384643,-23.461408956564036
2026-05-19,WTI,2002950,98219,372149,2026-05-22,2026-05-25,93.46,1.4594478921463816,-0.6954846993366015,-19.518510592766948
2026-05-26,WTI,2003795,79924,366141,2026-05-29,2026-06-01,94.824,-2.123934868809585,-13.701172698894803,-24.860794735509995
2026-06-02,WTI,2025180,90765,358016,2026-06-05,2026-06-08,92.81,-11.828466760047418,-18.954854002801426,-25.483245339941806
2026-06-09,WTI,2006635,94725,365942,2026-06-12,2026-06-15,81.832,-8.082412748069201,-12.931371590575802,
2026-06-16,WTI,2007709,96228,378716,2026-06-19,2026-06-22,75.218,-5.275333031987028,-8.055252732058815,
2026-06-23,WTI,1911877,82872,378876,2026-06-26,2026-06-29,71.25,-2.9347368421052566,,
2026-06-30,WTI,1914443,81282,371227,2026-07-03,2026-07-06,69.159,,,
